asset,date,CURRENCY,px_last,ret,sigma,is_jump,jump_width,duration,trend_type,news_titles
NKY Index,2022-01-19,JPY,27467.23,-0.0279581346380132,0.0123176334589441,True,-0.0279581346380132,0,short_term,コロナワクチン接種より感染による免疫力強い、デルタ拡大期－米調査 | 金正恩氏、核実験やＩＣＢＭ発射実験の再開示唆－米の敵対行為に対抗 | ソフトバンクＧ出資ハビ、メキシコ不動産ハイテクスタートアップ買収
NKY Index,2022-01-27,JPY,26170.3,-0.0311361935898751,0.0118812328263087,True,-0.0311361935898751,0,short_term,ソフトバンクＧのクラウレＣＯＯは今後数週間に退社計画－関係者 | ブラックストーン、手元資金10－12月に急増－運用資産１兆ドルに接近 | ビザとマスターカード、10－12月カード支出急増－コロナ逆風に耐える
NKY Index,2022-02-16,JPY,27460.4,0.0221554360866236,0.0105626165672235,True,0.0221554360866236,0,short_term,ウォール街オフィス復帰へ、ＳＥＣやＯＣＣがそれでも在宅続ける理由 | ＡＩＧの10－12月利益が予想上回る、７四半期連続－保険引き受け堅調 | 香港が域内全域で新型コロナ検査へ、３月に－地元メディア
NKY Index,2022-03-07,JPY,25221.41,-0.0294033550287911,0.0131556145349732,True,-0.0294033550287911,2,short_term,英はリセッション入りも、足元のエネルギー価格継続なら－ＮＩＥＳＲ | ロシア、ノルドストリーム１経由の欧州への天然ガス供給遮断も辞さず | ＬＭＥニッケル最高値更新－ロシア供給不安でショートスクイーズ
NKY Index,2022-03-10,JPY,25690.4,0.0393595152913743,0.0155858512285509,True,0.0393595152913743,0,short_term,北朝鮮の最近のミサイル試射、ＩＣＢＭ技術の試験が目的－米高官 | 小麦先物急落、トレーダーは需要とウクライナ情勢を両にらみ | 東芝の２社分割計画への反対を勧告－議決権行使助言会社グラスルイス
NKY Index,2022-03-17,JPY,26652.89,0.0345811526352175,0.0171774455921208,True,0.0345811526352175,10,long_term,米下院、ロシアの最恵国待遇を撤回する法案可決－上院に送付 | ソフトバンクＧ出資のオヨ、ＩＰＯ規模縮小や計画棚上げ検討－関係者 | ロシアを「ＣＣ」に格下げ、支払い履行されないリスク－Ｓ＆Ｐ
NKY Index,2022-04-12,JPY,26334.98,-0.0181399115337237,0.0074752106203415,True,-0.0181399115337237,0,short_term,ビットコイン４万ドル割れ－シバイヌは急伸、ロビンフッドで取引開始 | リッチモンド連銀総裁、最善の道は中立レンジへの迅速な利上げ | ブレイナード理事、「整然とした」引き締めで政策を中立水準へ
NKY Index,2022-04-13,JPY,26843.49,0.0193092988868797,0.0089399226299568,True,0.0193092988868797,1,short_term,ドル・円ピークアウトはＧＷ明けか、当面は130円突破のリスク | アップル、MacBook Pro出荷に遅れ－中国のロックダウンが生産に影響 | ロシアの要求は制裁違反、ガス代金ルーブル払い－ＥＵが加盟国に警告
NKY Index,2022-05-09,JPY,26319.34,-0.0253381406007208,0.0101900743149979,True,-0.0253381406007208,1,short_term,ゴールドマンなどのＳ＆Ｐ500種見通しに変化－先行き厳しいと認める | ツイッター株下落、買収予定額引き下げのリスクとヒンデンバーグ | 米ＦＲＢ、市場全般での流動性巡る状況悪化を警告－金融安定報告
NKY Index,2022-05-13,JPY,26427.65,0.0263675242885859,0.0115370685587102,True,0.0263675242885859,5,long_term,【米国市況】株上昇、ＦＲＢ議長発言でやや安心感－ドル129円台前半 | サマーズ氏、米民主党の物価対策酷評－トランプ氏の消毒剤注射に例え | ツイッターＣＥＯ、マスク氏との合意は「完了する」と想定
NKY Index,2022-05-30,JPY,27369.43,0.0219459720226662,0.0109488316396742,True,0.0219459720226662,0,short_term,アジア株は横ばいスタートか、インフレ懸念の中－ＮＹ原油先物上昇 | 金相場上昇、先週の上げを維持－リスクセンチメント改善でドル下落 | 【ウクライナ】ＥＵがロシア産石油の一部禁輸で合意、制裁第６弾へ
NKY Index,2022-06-13,JPY,26987.44,-0.0300762391421309,0.0103112950697293,True,-0.0300762391421309,2,short_term,米中高官、台湾情勢など安全保障を協議－サリバン大統領補佐官と楊氏 | マイクロストラテジー株急落、ビットコイン関連損失10億ドルに接近 | オラクル株急伸、３－５月売上高と利益が市場予想上回る
NKY Index,2022-07-20,JPY,27680.26,0.0266519000299683,0.0102752059638117,True,0.0266519000299683,4,short_term,テスラがビットコインの大半売却、法定通貨に転換し現金最大化 | ドル建て日経平均、円安下でも底入れの兆し－海外勢心理に変化の期待 | バイデン氏、10日以内の米中首脳会談見込む－関税撤回検討する中
NKY Index,2022-08-12,JPY,28546.98,0.0261562733538154,0.0081623621128219,True,0.0261562733538154,3,short_term,ウクライナを選択的デフォルトに格下げ、支払い凍結合意で－Ｓ＆Ｐ | ＦＢＩ、トランプ氏邸宅の捜索で最高機密文書など押収 | 【米国市況】Ｓ＆Ｐ500種、週間で今年最長の連続高－ドル133円台半ば
NKY Index,2022-08-29,JPY,27878.96,-0.0266195274110395,0.0104112179936913,True,-0.0266195274110395,0,short_term,ＦＲＢに利上げ裁量、介入考えず－民主党議員の批判後に大統領報道官 | パニックの兆候ほとんど見られず－米株式市場で３兆ドル吹き飛んでも | フランス企業のエネルギー使用量、今冬に制限も－首相が省エネ要請
NKY Index,2022-09-08,JPY,28065.28,0.0231488536399528,0.0099571124588521,True,0.0231488536399528,5,long_term,政府が追加物価高対策を発表へ、円安で資源高騰－予備費３兆円超措置 | 英国のエリザベス女王が死去、在位期間は歴代最長－96歳 | 米財務長官、富裕層・法人増税あらためて主張－歴史的水準に回帰を
NKY Index,2022-09-14,JPY,27818.62,-0.0278182873585994,0.0117533563764329,True,-0.0278182873585994,0,short_term,米鉄道スト、回避目指す上院での取り組み失敗－サンダース議員が反対 | 100ｂｐ利上げ観測弱まる､９月ＦＯＭＣ－確率33％未満とＪＰモルガン | 米鉄道のストライキ突入警戒し商品市場が動揺、天然ガス先物急騰
NKY Index,2022-09-26,JPY,26431.55,-0.0265995625663121,0.0114903622849954,True,-0.0265995625663121,0,short_term,英経済対策「思慮に欠け甘い」とオニール氏－利上げ加速で住宅直撃も | 【ウクライナ】スノーデン容疑者にロシア国籍、大統領令で付与 | ＦＲＢの貿易加重ドル指数、過去最高値更新－コロナ禍の下げを消す
NKY Index,2022-10-04,JPY,26992.21,0.0296165021157095,0.0119230091534223,True,0.0296165021157095,2,short_term,ＥＣＢエンリア氏、欧州の銀行はマクロ経済リスクに楽観的過ぎる | 自民がコロナ特化ファンド含む企業支援策提言へ、ゼロゼロ融資終了で | ツイッターＬＢＯ、前進ならウォール街に１兆8000億円の頭痛の種
NKY Index,2022-10-11,JPY,26401.25,-0.0263629259506618,0.0129348315381834,True,-0.0263629259506618,2,short_term,円が９月の円買い介入前の安値下回る－約24年ぶり安値を更新 | 東芝の元子会社ウェスチングハウス、加ウラン鉱山会社が株式取得へ | 日本関連Ｍ＆Ａ活発化､円安など追い風に案件２割増-三菱モルガン
NKY Index,2022-10-14,JPY,27090.76,0.0325237771091821,0.0150288090054776,True,0.0325237771091821,2,short_term,【米国市況】株が急反落、インフレ期待上昇が響く－ドル148円台後半 | ブラード総裁、｢悪質｣インフレは利上げ前倒し継続を正当化－ロイター | 鈴木財務相、円には「急速で一方的な動き」－ＮＹ市場でドル伸び悩む
NKY Index,2022-11-04,JPY,27199.74,-0.0167604187339295,0.0082938885412869,True,-0.0167604187339295,2,short_term,北朝鮮「最後まで超強力な対応」、米国の軍事的挑発を非難－ＫＣＮＡ | 米国株が５日ぶりに上昇－ドルは大幅安・146円台後半 | 【欧州市況】株が上昇、約７週ぶり高値－英独の長期債は下落
NKY Index,2022-11-11,JPY,28263.57,0.0297845595549095,0.0103624032772987,True,0.0297845595549095,2,short_term,サマーズ氏、エンロン型「不正の匂い」を指摘－ＦＴＸメルトダウン | 【米国市況】円が138円台に急伸－株は続伸、週間で６月以来の大幅高 | ＦＴＸ、仮想通貨デリバティブ直接取引の計画撤回－関係者
NKY Index,2022-12-02,JPY,27777.9,-0.0158782232601906,0.0058008735677175,True,-0.0158782232601906,2,short_term,【米国市況】Ｓ＆Ｐ500小幅安、雇用統計受けた売り一巡－ドル134円台 | シカゴ連銀総裁、政策金利ピークは若干高めの水準に－インフレ退治で | 【欧州市況】株反落、週間では21年以降最長の連騰－国債は軒並み下落
NKY Index,2022-12-16,JPY,27527.12,-0.0187004709162011,0.0072495076092274,True,-0.0187004709162011,5,long_term,【米国市況】株３日続落、断固たる利上げ姿勢嫌気－136円台に円反発 | メスター総裁、インフレ退治には５％超の金利を維持する必要 | ブラックストーンの富裕層向け不動産ファンド、償還要求にＳＥＣ動く
NKY Index,2022-12-20,JPY,26568.03,-0.0245839947954374,0.0091067230584214,True,-0.0245839947954374,1,short_term,政府、宇宙領域に特化した安全保障構想を文書にまとめる方針－報道 | エクソンの時価総額、テスラ追い抜く－成長株からバリュー株にシフト | 日銀ＹＣＣ修正サプライズ、一段の金利上昇と円高への圧力が継続か
NKY Index,2023-01-13,JPY,26119.52,-0.0124877976485283,0.0062079128164578,True,-0.0124877976485283,3,short_term,米ブラックロック、長期投資ファンドへの顧客資金流入続く | 中国国有の東方航空と南方航空、ニューヨーク証取の上場廃止へ | バイデン米大統領、２月７日に一般教書演説－連邦議会で
NKY Index,2023-01-18,JPY,26791.12,0.0249607095691135,0.0087351907260247,True,0.0249607095691135,0,short_term,アルコア株が下落、今年のアルミ出荷見通しが市場予想下回る | 19日の日本市場、揺り戻し相場か－長期金利0.4％台、円買い、株反落 | 岸田首相が子育て支援「最重要政策」に、施政方針原案が判明－報道
NKY Index,2023-02-13,JPY,27427.32,-0.0088056151245817,0.0031839266638471,True,-0.0088056151245817,0,short_term,日銀正常化を織り込み始める市場、植田次期総裁のＹＣＣ撤廃予想 | 暗号資産下落、バイナンスコイン一時11％安－ＮＹでＢＵＳＤ発行停止 | トヨタの新経営体制、佐藤次期社長支える執行役員に女性不在
NKY Index,2023-02-22,JPY,27104.32,-0.0134233122581725,0.0050478547847292,True,-0.0134233122581725,1,short_term,エヌビディアが強気予想、ＡＩ取り組み奏功か－時間外取引で株価上昇 | 【米国市況】株下落､ＦＯＭＣ議事要旨が利上げ示唆－ドル134円台後半 | ＦＯＭＣ議事要旨：追加利上げ必要、ほぼ全員がペース鈍化を支持
NKY Index,2023-02-24,JPY,27453.48,0.0128820793142938,0.0058050516549036,True,0.0128820793142938,2,short_term,【米国市況】株反落、ＰＣＥ価格指数が予想上回る－ドル136円台前半 | セントルイス連銀総裁、ＦＯＭＣは「今すぐ行動を」－信頼回復が急務 | 「ChatGPT」に警戒強めるウォール街、大手行で利用禁止の動き相次ぐ
NKY Index,2023-03-03,JPY,27927.47,0.015586094992267,0.006585511151329,True,0.015586094992267,6,long_term,【米国市況】株が続伸、金融政策巡る楽観続く－ドルは135円台後半 | リッチモンド連銀総裁、米利上げを続ける必要－「より慎重な行動を」 | アップル、クラウド事業責任者のアボット氏が退社へ－関係者
NKY Index,2023-03-10,JPY,28143.97,-0.016740994614499,0.0074285638165793,True,-0.016740994614499,4,short_term,ＳＶＢが破綻、米当局の管理下に－過去10年余りで最大の米銀破綻 | 【米国市況】株が続落、ＳＶＢ破綻でリスク回避－ドル134円台後半 | シュワブが連日急落、ＳＶＢ余波の銀行株安がブロック取引のみ込む
NKY Index,2023-03-14,JPY,27222.04,-0.0219495159695554,0.0088638918678574,True,-0.0219495159695554,0,short_term,ＳＶＢの最高リスク責任者不在、ＦＲＢや弁護士らが問題視 | TikTokが親会社からの分離検討、米当局と合意に至らない場合－関係者 | 米金融市場の混乱、流動性低下が拍車－ゴールドマンのルーブナー氏
NKY Index,2023-04-05,JPY,27813.26,-0.0167622215104806,0.0082350872870955,True,-0.0167622215104806,1,short_term,コストコ株、時間外で下落－３月米売上高が約３年ぶりの低い伸びに | 米キャッシュアップ生みの親、ＳＦで刺され死亡－モバイルコイン幹部 | 中国がＷＴＯに調査要求、日米蘭の半導体関連輸出規制巡り－報道
NKY Index,2023-04-28,JPY,28856.44,0.0140123861115875,0.0050771856619209,True,0.0140123861115875,9,long_term,ファースト・リパブリック株急落、当局の管理下に置かれるとの観測 | 【米国市況】株続伸､銀行懸念を好決算が打ち消し－１ユーロ150円付近 | サマーズ氏、ファースト・リパブリック問題早急に解決を－遅れを批判
NKY Index,2023-05-09,JPY,29242.82,0.0101188675048047,0.0050269874212022,True,0.0101188675048047,0,short_term,ＥＶメーカーのリビアン、予想より小幅の赤字－年間生産計画据え置き | 【ウクライナ】米、防空システムなど12億ドルのウクライナ支援発表 | 大手マーケットメーカー２社、米で暗号資産取引から撤退へ－関係者
NKY Index,2023-05-18,JPY,30573.93,0.0159615386532481,0.0056794684892545,True,0.0159615386532481,4,short_term,ＮＹ市の公立学校、対話型ＡＩ「ChatGPT」の利用禁止を撤回 | アプライド、５－７月期は減収の見通し－半導体市場の低迷で | ＦＲＢ、６月は利上げ１回見送りとする案浮上か－当局者の見解割れる
NKY Index,2023-05-31,JPY,30887.88,-0.0140538097353946,0.006984914430066,True,-0.0140538097353946,0,short_term,セールスフォースがさえない売り上げ見通し、利益重視背景に－株下落 | ジェファーソンＦＲＢ理事、６月利上げ停止示唆－終了は意味せず | 債券上昇、10年入札無難通過で買い安心感－米債務法案可決の影響限定
NKY Index,2023-06-05,JPY,32217.43,0.0219897589853135,0.0082844268741407,True,0.0219897589853135,1,short_term,政府が資産運用会社の新規参入を促進、「骨太の方針」原案－報道 | 米財務省のＴビル大量発行、米銀に新たな試練－金融商品の金利上昇へ | 米大手行の資本要件20％引き上げも、当局が新規制案検討－関係者
NKY Index,2023-06-28,JPY,33193.99,0.0201503887876235,0.0095801134626064,True,0.0201503887876235,1,short_term,米英欧の中銀トップ、追加引き締めを表明－利上げでも経済は強靱 | ＥＣＢビルロワドガロー氏、軟着陸は可能－痛み伴う見通し | ＢＭＯキャピタル、カナダ中心に約100人削減－ディール低調受け
NKY Index,2023-08-02,JPY,32707.69,-0.0229679973282815,0.0083628012335672,True,-0.0229679973282815,1,short_term,フィッチ、ファニーメイとフレディマックを「ＡＡ＋」に格下げ | ドアダッシュ株上昇、４～６月注文総数が過去最多－宅配需要堅調 | メットライフ、４－６月期は減益－再保険取引に備える
NKY Index,2023-08-25,JPY,31624.28,-0.0205322788807085,0.0078743931693417,True,-0.0205322788807085,2,short_term,ハワイ・マウイ島山火事、行方不明者388人の氏名公表 | 【米国市況】株反発、パウエル氏講演を無風通過－ドル一時146円63銭 | 米インスタカートがＩＰＯ申請、英アームに続き注目企業が上場へ
NKY Index,2023-09-14,JPY,33168.1,0.0141127824054652,0.0068137861103997,True,0.0141127824054652,4,short_term,ブラックロック大口顧客、プライベート投資を取り入れ－コンウェイ氏 | マスク氏、ネタニヤフ首相と来週会合－反ユダヤ主義巡る批判を背景に | 中国はグローバルリスク、成長モデル頓挫で厳しい減速も－チャノス氏
NKY Index,2023-10-03,JPY,31237.94,-0.0164339411861758,0.0081699864174542,True,-0.0164339411861758,1,short_term,円が一転急伸、一時は昨年10月以来の150円台－介入観測も | イタリア・ベネチア近郊でバス転落事故、少なくとも21人死亡 | イエレン氏「決して既定路線ではない」－金利の長期高止まりシナリオ
NKY Index,2023-10-04,JPY,30526.88,-0.0227627045829525,0.0084365515702055,True,-0.0227627045829525,0,short_term,ブレバンＨ、ドイツ銀からポートフォリオマネジャー要員採用－関係者 | クオンツ運用のＡＱＲ、９月のリターン9.5％－金利上昇の波に乗る | 野球帽メーカーのニューエラ、ＩＰＯ主幹事にＪＰモルガン－関係者
NKY Index,2023-10-10,JPY,31746.53,0.0242577191497763,0.0109902509516168,True,0.0242577191497763,2,short_term,脱炭素供給網多様化へＲＩＳＥ発足、中国依存から脱却－あすＧ７開催 | カシュカリ総裁、追加利上げ不要か「まだ分からない」－利回り上昇で | ＵＢＳ、主要な地方債投資銀行業務から撤退へ－人員削減を計画か
NKY Index,2023-11-01,JPY,31601.65,0.024070890522492,0.0111955178206496,True,0.024070890522492,5,long_term,【ＦＯＭＣ】全会合がライブになる可能性も－市場関係者の見方 | ウエスタンデジタルをジャンク級に下げ、分割方針受け－ムーディーズ | トヨタが米組立ライン時給引き上げへ、ＵＡＷとビッグ３合意受け
NKY Index,2023-11-06,JPY,32708.48,0.0237431177384335,0.011447000664288,True,0.0237431177384335,0,short_term,モルガンＳ、インターネット投資銀行グローバル責任者が退社－関係者 | トヨタはより大胆に「ＥＶファースト」推進を－Hyperdrive | 【イスラエル】米大統領、ネタニヤフ首相と戦術的休戦を協議
NKY Index,2023-11-15,JPY,33519.7,0.0251948789956424,0.0107177474937193,True,0.0251948789956424,0,short_term,日本の半導体株が最高値、世界の同業上回るスピード回復 | シスコ株下落、売上高見通しが予想下回る－企業の支出抑制響く | ＳＥＣ、ビットコイン現物ＥＴＦとイーサ先物ＥＴＦ申請の判断延期
NKY Index,2023-12-05,JPY,32775.82,-0.0137054647625564,0.0043820745537614,True,-0.0137054647625564,0,short_term,イーロン・マスク氏の新会社xAI、10億ドル調達目指す－提出書類 | シティとルミナークス、資産ベースの貸し付け提携で交渉中－関係者 | ＧＭ、コロナ禍の「適切に勤務」方針終了－週３日オフィス勤務義務化
NKY Index,2023-12-06,JPY,33445.9,0.0204443397602256,0.0064865437176123,True,0.0204443397602256,0,short_term,ＦＲＢの常設レポ利用、20年以来の高水準に急増－流動性逼迫に備えか | 定額減税の詳細や防衛増税の時期焦点に－来年度税制改正の議論大詰め | レバレッジドローンも終盤、デバンキングの初期段階に－アポロＣＥＯ
NKY Index,2023-12-07,JPY,32858.31,-0.0175683716090763,0.0074770663821792,True,-0.0175683716090763,3,short_term,新ＮＩＳＡで日本株需給変化か、投信フローが示す個人大転換の可能性 | 米ＭＭＦの資産残高、過去最高更新－金融政策巡り不透明感 | 円急伸、早期の日銀政策転換観測－対ドルで約１年ぶり上昇率
NKY Index,2023-12-08,JPY,32307.86,-0.0167522310185763,0.0082496661592009,True,-0.0167522310185763,2,short_term,【米国市況】底堅い経済指標で株続伸、国債利回り上昇－145円付近 | 円先物・オプション、７日の取引額は今年最高－日銀政策変更観測で | アップル、iPhoneとWatchのデザイン担当責任者が退社へ－関係者
NKY Index,2024-01-09,JPY,33763.18,0.0115575140319414,0.0055264771114803,True,0.0115575140319414,6,long_term,米国防長官は前立腺がん手術後の合併症で入院－医師団公表 | 出会い系のマッチが上昇、エリオットが10億ドル相当保有と報道 | 【米国市況】Ｓ＆Ｐ500種が反落、資源や金融安い－ドル144円台半ば
NKY Index,2024-01-10,JPY,34441.72,0.0200970406223583,0.0058768270331154,True,0.0200970406223583,5,long_term,ＮＹ連銀総裁、政策金利はインフレ目標達成には十分な高さにある | 米国債相場の上昇見込む取引、後退する方向－ＣＰＩ発表控え | モルガンＳ、新マネジングディレクター155人指名－前年下回る
NKY Index,2024-01-11,JPY,35049.86,0.0176570740369528,0.0068358179920184,True,0.0176570740369528,4,short_term,米クレジットカード延滞率、10年ぶり高水準－生計費上昇が家計圧迫 | 米インフレ加速、財価格の低下基調止まる－サービス価格なお高水準 | 【米国市況】株と国債は荒い動き、ＣＰＩ後に－ドルは145円台前半
NKY Index,2024-01-12,JPY,35577.11,0.0150428560912938,0.0073236052760384,True,0.0150428560912938,3,short_term,80年代バブルの高値に迫る日本株市場、脱デフレや企業改革に確信増す | マイクロソフト、時価総額首位に返り咲き－アップルを２年ぶりに抜く | 【米国市況】２年債利回り急低下、ＰＰＩ下振れ－ドル一時144円36銭
NKY Index,2024-02-08,JPY,36863.28,0.020580333511259,0.007711916905127,True,0.020580333511259,5,long_term,パナソニック、豪ノボニックスと黒鉛供給で長期契約－米工場向け | アーム株急騰、上場来高値更新－ＡＩブームまだ初期段階とＣＥＯ | 武田薬、ＴＡＫ－861の国際共同第３相試験を24年度上期に開始予定
NKY Index,2024-02-13,JPY,37963.97,0.0289058150949308,0.0090529623060679,True,0.0289058150949308,0,short_term,バイオジェン株下落、アルツハイマー病新薬の低調な出足で | シマノ､米国で自転車部品巡り損賠訴訟－原告は集団訴訟求める (13日) | 【コラム】中国はクリーンか、世界の「脱炭素」左右－フィックリング
NKY Index,2024-02-22,JPY,39098.68,0.0218628535346669,0.0096384892870967,True,0.0218628535346669,5,long_term,【米国市況】株価指数は最高値､ＡＩ旋風が地球一周－ドル150円台半ば | ハーカー総裁、早過ぎる金融緩和のリスクを強調－年内利下げは適切 | 米商業用不動産の差し押さえ件数が急増、前年同月比２倍－問題深刻化
NKY Index,2024-03-01,JPY,39910.82,0.0190120611680635,0.0093324122615473,True,0.0190120611680635,3,short_term,ＡＴ＆Ｔ、元ヤフーＣＥＯのマリッサ・メイヤー氏を取締役に起用 | 【米国市況】Ｓ＆Ｐ500種、今年15回目の最高値更新－150円台前半 | ボーイング、元子会社スピリット・エアロ買収へ予備的交渉を確認
NKY Index,2024-03-11,JPY,38820.49,-0.0218814107910164,0.008919809525137,True,-0.0218814107910164,2,short_term,オラクル株が急伸、新規の大型クラウド契約で売上高に弾み | 日銀、賃上げ率が23年大きく上回ればマイナス金利３月解除－報道 | バリアズニーがポートフォリオマネジャー採用－株式取引部門の再編で
NKY Index,2024-03-18,JPY,39740.44,0.0266820710330053,0.0095904021996616,True,0.0266820710330053,6,long_term,33年ぶり大幅賃上げ、消費刺激で日本の内需株や中小型株買いに期待感 | エヌビディア、ＡＩ向け次世代チップ「ブラックウェル」発表 | 円は対ドルで149円台前半、日銀緩和解除織り込み済みで円売り警戒
NKY Index,2024-03-21,JPY,40815.66,0.0202996730294273,0.0097930834810759,True,0.0202996730294273,3,short_term,一獲千金夢見る中国の若者、働くより宝くじ－低成長と就職難が直撃 | ナイキ株が時間外取引で下落、来年度上期の減収見通しで | 日銀政策変更で高成長時代到来、銀行や建設株買い増し－エバーリッチ
NKY Index,2024-04-16,JPY,38471.2,-0.0194123284598602,0.0088560201003488,True,-0.0194123284598602,1,short_term,韓国中銀総裁、最近のウォン安は行き過ぎと認識－十分な対応手段ある | ハードル高い日本企業決算、投資家の失望招く恐れ－コストアップ注意 | 米、イランのミサイル・無人機プログラムに新たな制裁－大統領補佐官
NKY Index,2024-04-19,JPY,37068.35,-0.0265587701583782,0.0101336412256259,True,-0.0265587701583782,2,short_term,【米国市況】大型ハイテク株が急落、来週の決算警戒－円は上げを消す | ＦＲＢ、根強いインフレが最大の脅威と市場は認識－金融安定報告 | リッチモンド連銀のバーキン総裁、「需要は健全だが過熱していない」
NKY Index,2024-04-24,JPY,38460.08,0.024177570611118,0.0116716786469761,True,0.024177570611118,0,short_term,「グッチ」ブランドの値引き販売から脱却したい－資産家ＣＥＯ奮闘 | 金利上昇や新ＮＩＳＡで個人向け資産形成に商機－マネーフォワード | メタ株急落で大手ハイテク企業決算に警戒感－低調な業績見通しに失望
NKY Index,2024-05-16,JPY,38920.26,0.0139252269007257,0.0068407672821715,True,0.0139252269007257,0,short_term,ヘッジファンドもビットコインＥＴＦに投資－ミレニアムやポイント72 | 中国株ラリーの波が停滞日本株を刺激か、資生堂など関連銘柄持ち直す | アプライドの売上高見通し、市場予想上回るも投資家は反応薄
NKY Index,2024-06-17,JPY,38102.44,-0.0183467234975739,0.0075274724535326,True,-0.0183467234975739,0,short_term,ＬＭＥ銅、８週間ぶり安値－軟調な中国経済指標響く | アップル、後払い決済サービス「ペイ・レイター」終了－導入から１年 | フィラデルフィア連銀総裁、「年末までに１回の利下げが適切」
NKY Index,2024-07-09,JPY,41580.17,0.0196041264617821,0.0066828450618298,True,0.0196041264617821,2,short_term,中国が米国の若者にアプローチ、欧米の考え拒む習氏の思惑見え隠れ | ダイソン、英国で約1000人削減へ－新ＣＥＯが戦略見直し実施 | 日本の「もしトラ」業種、防衛関連株が上昇機運－米中緊張の再燃読む
NKY Index,2024-07-12,JPY,41190.68,-0.0244728000791965,0.0092828990852174,True,-0.0244728000791965,3,short_term,マスク氏がトランプ氏に献金、巨万の富活用で24年選挙を左右も | ＡＴ＆Ｔにまたサイバー攻撃、半年分ほぼ全ての携帯記録が標的に | シティ、カード事業の損失急増で対策強化－口座解約や回収力の増強
NKY Index,2024-07-18,JPY,40126.35,-0.0236349050275089,0.0103673747003816,True,-0.0236349050275089,10,long_term,マスク氏のトランプ氏への賭け、テスラの盾に－スペースＸにも有利に | ネットフリックス、会員800万人超の純増－売上高見通し予想未達 | フランス下院、ブロンピベ議長を再選－マクロン大統領の与党連合所属
NKY Index,2024-07-25,JPY,37869.51,-0.032827095493917,0.0120314893511811,True,-0.032827095493917,3,short_term,トランプ節も封印か、ハリス氏は番狂わせ－人種・性差別ならアウト | トランプ関税は米国株に脅威－エバコアのシュロースタイン名誉会長 | 銀行決算に高い期待、日銀利上げの影響浸透－日本株高の原動力にも
NKY Index,2024-08-02,JPY,35909.7,-0.0581390865577674,0.0173707374085377,True,-0.0581390865577674,3,short_term,パリ五輪は夏のダボス会議、ウォール街幹部がスポーツの名の下に結集 | 【米国市況】円が146円台に上昇、弱い雇用統計で株急落－金利低下 | アックマン氏のパーシング､７月成績マイナス-年初来リターンほぼ消失
NKY Index,2024-08-05,JPY,31458.42,-0.1239575936306902,0.031300329265459,True,-0.1239575936306902,0,short_term,突然の株大暴落、個人投資家が損切り危機直面－ＮＩＳＡにも試練 | バングラデシュ、大統領と軍がデモ沈静化図る－前首相は国外脱出 | ビットコインとイーサが急落、世界的なリスク回避の流れで
NKY Index,2024-08-06,JPY,34675.46,0.1022632414469639,0.0405583394745752,True,0.1022632414469639,1,short_term,令和の日本株メルトダウン、昭和・平成の歴史的な記録を次々と更新 | 銀行株急降下、金利上昇トレード解消のＣＴＡの餌食－堅調回帰の声も | ハマス、新指導者にシンワル氏を選出－イスラエル奇襲の首謀者
NKY Index,2024-09-04,JPY,37047.61,-0.0423586534874997,0.014418275110428,True,-0.0423586534874997,7,long_term,トランプ減税案、ほぼ全ての連邦政府機関の予算上回るコストに | ＨＰＥ、利益率は予想下回る－ＡＩサーバー事業の構成比上昇 | ＬＭＥ銅が６日ぶり反発、9000ドル近辺を推移－他の非鉄金属は下落
NKY Index,2024-09-12,JPY,36833.27,0.0340681593396026,0.013413919394376,True,0.0340681593396026,0,short_term,東京スター銀行、アジア富裕層向け日本の不動産投資ローン拡大 | オラクル、29年度売上高は1040億ドル以上と予想－クラウド事業拡大で | 日銀の次回利上げ、エコノミストの半数以上が12月予想－サーベイ
NKY Index,2024-09-26,JPY,38925.63,0.027868042099526,0.0122491507422526,True,0.027868042099526,3,short_term,円高でも強い業績モメンタム、日本株は年末高も－ゴールドマン建部氏 | 米レポ市場の圧力、いずれＦＦ金利上昇させる恐れ－ＮＹ連銀ペルリ氏 | アパルーサのテッパー氏、「あらゆる」中国関連株買い－景気対策受け
NKY Index,2024-09-30,JPY,37919.55,-0.0479545844844883,0.0174316389549392,True,-0.0479545844844883,0,short_term,記事なし
NKY Index,2024-10-28,JPY,38605.53,0.0182415851486736,0.0078993209873801,True,0.0182415851486736,2,short_term,バイデン氏、対中投資規制を最終決定－半導体やＡＩなど先端技術分野 | フォード、通期利益見通し下方修正－コスト高やハリケーンの余波響く | ＬＭＥ銅下落、中国建設業界からの需要低迷続く－亜鉛は反発
NKY Index,2024-11-01,JPY,38053.67,-0.0262934271549656,0.0099074418633584,True,-0.0262934271549656,3,short_term,ハルク・ホーガンが「ＭＡＧＡ」で見る夢、ビール事業で億万長者に | 【米国市況】決算堅調で株に押し目買い－円は対ドル153円付近に下落 | 米金融当局のリバースレポ利用額、21年５月以来の2000億ドル割れ
NKY Index,2024-11-06,JPY,39480.67,0.026140938637917,0.0109867354124061,True,0.026140938637917,0,short_term,米鉄鋼株の人気復活、トランプ氏返り咲きで業界先行きに楽観論 | トランプ氏勝利、衝撃のホワイトハウス返り咲き－ハリス氏敗北認める | ＭＳＣＩ､ＡＣＷＩ指数にフジクラなど22銘柄追加－57銘柄を除外
NKY Index,2024-12-03,JPY,39248.86,0.019106265880993,0.007498769126076,True,0.019106265880993,2,short_term,楽天Ｇ、今年３度目のドル債発行へ－利回り8.375％程度で需要調査 | ブラックロックの買収攻勢でビリオネア続出－魅惑のプライベート市場 | 多くの中国の取引業者、米国産の銅スクラップ輸入停止－関税懸念
NKY Index,2024-12-23,JPY,39161.34,0.0118712517990071,0.0055771016586985,True,0.0118712517990071,0,short_term,ヘッジファンド、原子力関連株急騰に警戒感－トランプ政権には期待 | ＮＹ連銀の常設レポファシリティー調整、現行枠組みでは効果限定的か | ビル・クリントン氏、ワシントンの病院に入院－発熱受け検査
NKY Index,2024-12-27,JPY,40281.16,0.0180221117739916,0.0070376008687861,True,0.0180221117739916,2,short_term,中東で原油供給脅かすリスクが高まっている－ラピダンのマクナリー氏 | 12月27日の海外株式･債券･為替･商品市場 | 【米国市況】株下落、ハイテク中心に売り－円は対ドル157円台後半
NKY Index,2025-01-06,JPY,39307.05,-0.0147260752975219,0.0073363221222418,True,-0.0147260752975219,0,short_term,トランプ氏長男がグリーンランド訪問へ、自治政府首相は独立を主張 | ＬＭＥ銅上昇、トランプ次期政権が関税政策の範囲限定検討との報道で | 【米国市況】トランプ関税巡りドル大幅安、一時156円台－テク株高い
NKY Index,2025-01-07,JPY,40083.3,0.0197483657511821,0.0083578782603549,True,0.0197483657511821,0,short_term,日鉄のＵＳスチール買収巡る訴訟、クレジットに悪影響－ムーディーズ | ベネズエラ野党指導者、義理の息子誘拐されたと指摘－帰国意向表明後 | インド、電子業界支援で補助金支給と関税引き下げを検討－関係者
NKY Index,2025-02-03,JPY,38520.09,-0.0265942325084926,0.0091170817491217,True,-0.0265942325084926,0,short_term,バイデン氏が「見せかけ」の審査で買収阻止－日鉄とＵＳスチール主張 | 米財務省、１－３月借り入れ必要額予想を下方修正－現金残高据え置き | 米国際開発局は見直し後に廃止も、ルビオ国務長官が議会に通知
NKY Index,2025-02-25,JPY,38237.79,-0.0139038820494861,0.0060166281433086,True,-0.0139038820494861,1,short_term,テスラの株式時価総額、１兆ドルの大台割り込む－欧州で販売急減 | モメンタムに裏切られたギャンブラー、レバレッジ型ＥＴＦは40％下落 | バーキン総裁「やや景気抑制的」姿勢維持が適切－物価上昇の逆風警告
NKY Index,2025-02-28,JPY,37155.5,-0.0287710452980525,0.0084759796644425,True,-0.0287710452980525,2,short_term,インドネシア中銀、ルピア支援－株価指数は弱気相場入りの方向 | ベゾス氏婚約者ら宇宙へ、ブルーオリジン女性クルーのみのロケット | トランプ大統領、カナダ・メキシコ関税３月４日発動－中国も10％追加
NKY Index,2025-03-07,JPY,36887.17,-0.0216884105075915,0.01027691682109,True,-0.0216884105075915,2,short_term,米国のはしか感染、１週間で３割の猛烈なペースで増加－ＣＤＣ | 【米国市況】株上昇、ＦＲＢ議長発言で下げから反転－ドル148円付近 | ナスダック取引所、26年下期にも24時間体制に－国外からの需要に応え
NKY Index,2025-03-28,JPY,37120.33,-0.0179799084496627,0.00636982100009,True,-0.0179799084496627,3,short_term,ソーダは駄目、ケネディ米厚生長官が食料費補助対策からの除外を推進 | トランプ氏、関税巡る交渉に「オープン」－医薬品関税は近く発表へ | 【米国市況】景気不安で株大幅安、ドルも下げ150円割れ－国債上昇
NKY Index,2025-03-31,JPY,35617.56,-0.0404837456994591,0.0110220695536258,True,-0.0404837456994591,0,short_term,米国防長官、在日米軍を「戦う」司令部に－中国への対抗姿勢を鮮明に | 二転三転の25年度当初予算が成立、高額療養費巡り参院で異例の再修正 | マスク氏ら自家用ジェット機所有者、飛行データの非公開化が可能に
NKY Index,2025-04-03,JPY,34735.93,-0.0277093322010073,0.0123167173549169,True,-0.0277093322010073,4,short_term,実質消費支出は３カ月ぶりマイナス、食料や住居が減少－２月 | ドル指数下落、トランプ氏当選後の上昇消す－今年10％下げの予想も | 日本株は大幅続落へ、米国株急落や為替の円高を嫌気－内外需広く売り
NKY Index,2025-04-04,JPY,33780.58,-0.0275032221679396,0.0134314015305884,True,-0.0275032221679396,3,short_term,ＪＰモルガン、今年の米リセッションを予想－トランプ関税が雇用抑制 | カリフォルニア州産品は報復除外を、知事が各国に「対話」アピール | 【米国市況】株急落、ナスダック100は弱気相場入り－円は147円付近
NKY Index,2025-04-07,JPY,31136.58,-0.0782698224838057,0.0204263063216884,True,-0.0782698224838057,0,short_term,日米首脳が電話会談、関税協議開始へ－日本は優先的対応と米財務長官 | トランプ米政権、輸出業者向け税優遇措置を検討－報復関税への対応で | ＮＹ銅が弱気相場入り、米相互関税の一部発動で景気後退懸念強まる
NKY Index,2025-04-08,JPY,33012.58,0.0602506762142791,0.025697450634972,True,0.0602506762142791,0,short_term,トランプ米大統領、石炭採掘・利用を促進へ－ＡＩブーム後押し | 円は145円台後半、相互関税でリスクオフの買い－日銀総裁の発言注目 | ルービニ氏、市場動揺に先に屈するのはトランプ氏－米金利据え置きへ
NKY Index,2025-04-10,JPY,34609.0,0.0912835738630506,0.0347654478702536,True,0.0912835738630506,0,short_term,金価格が最高値、世界経済に対する関税の影響を懸念－安全資産に逃避 | 円は一時143円台後半、米中貿易戦争警戒でドル売り－昨年10月来高値 | ＬＭＥ銅反発も上げ縮小、米中貿易戦争激化で－アルミやスズも高い
NKY Index,2025-05-13,JPY,38183.26,0.0143182519725451,0.0061991528767329,True,0.0143182519725451,0,short_term,日本株の守護神は記録的自社株買い、昨年比２倍ペースで米関税に応戦 | ＪＰモルガン、３年以内に時価総額１兆ドルも－銀行初の大台視野 | 米減税法案で浮上の「ＭＡＧＡ口座」、米国株投資で子供の未来を支援
NKY Index,2025-05-29,JPY,38432.98,0.0188370835365725,0.0070458492055393,True,0.0188370835365725,0,short_term,鉱工業生産は３カ月ぶりマイナス、生産用機械など低下－判断据え置き | 日本の自動車株に急ブレーキリスク、中国ＥＶ脅威と対米交渉で悲観論 | デルの通期利益見通し、予想上回る－ＡＩサーバーの需要旺盛
NKY Index,2025-06-26,JPY,39584.58,0.01649912292798,0.0070051957372859,True,0.01649912292798,4,short_term,ナイキ株急伸、売上高底入れを予想－関税の影響軽減で値上げへ | ウォール街との蜜月終わった中国投資－1.3兆ドルＳＷＦの栄枯盛衰 | トランプ氏の利下げ要求支持、ＦＲＢ議長候補か答えず－ハセット氏
NKY Index,2025-07-23,JPY,41171.32,0.0351075501848903,0.0083478750053432,True,0.0351075501848903,1,short_term,米最大の送電網運営会社コスト、過去最高を更新－ＡＩブームで | トランプ氏の対日自動車関税、米産業に「不利益」との声－反発強まる | ミレニアム、外部ヘッジファンド２社に計42億ドル運用委託－関係者
NKY Index,2025-08-12,JPY,42718.17,0.0214653203406558,0.0093817756099277,True,0.0214653203406558,1,short_term,ステーブルコイン発行のサークル、株価下落－株主ら1000万株売り出し | 英マンが日本の銀行株に回帰、インフレ抑制の利上げ続くと予想 | トランプ氏、パウエル氏に対する訴訟を検討－ＦＲＢ本部改修巡り
NKY Index,2025-09-04,JPY,42580.27,0.0152932039927617,0.0071826536048828,True,0.0152932039927617,4,short_term,トランプ氏、国防総省を戦争省に改称へ－1940年代以前の旧名称に回帰 | アナリストの業績予想、引き上げ数が過去最多に－日本株の上昇再開へ | オラクル関連のデータセンター融資、ＪＰモルガンと三菱ＵＦＪが主導
SPX Index,2022-01-18,USD,4577.11,-0.0183878958147915,0.0078110643308087,True,-0.0183878958147915,5,long_term,米株式市場「調整局面」へ－カーライル共同創業者ルーベンスタイン氏 | 商船三井のダイビルへのＴＯＢ成立、完全子会社へ | アリババのＡＤＲが下落、米当局がクラウド部門を調査との報道で
SPX Index,2022-01-21,USD,4397.94,-0.0189148130714987,0.0083567413869715,True,-0.0189148130714987,2,short_term,【米国市況】株続落、週間で20年３月以来の大幅安－ハイテク売り続く | ゴールドマン､選ばれし約30人の最高幹部に新たな賞与計画-報酬膨らむ | オミクロン再感染の確率極めて低い、少なくとも短期では－ファウチ氏
SPX Index,2022-01-28,USD,4431.85,0.0243475688256817,0.0098656367188022,True,0.0243475688256817,5,long_term,ゴールドマンのソロモン氏、21年報酬40億円－米銀ＣＥＯトップに並ぶ | ソフトバンクＧ・インターナショナルのカリキオ最高戦略責任者が退社 | 【米国市況】Ｓ＆Ｐ500種、20年６月以来の大幅高－荒れた１週間終了
SPX Index,2022-02-03,USD,4477.44,-0.0243910942218775,0.0119256373988945,True,-0.0243910942218775,0,short_term,５年債利回り、６年ぶりマイナス金利解消－日銀政策修正の思惑で | スナップ株急騰、10－12月決算を好感－ソーシャルメディアの不安後退 | ゴールドマン、最年少の黒人女性パートナーが退職－サステナ責任者
SPX Index,2022-03-07,USD,4201.09,-0.0295180959465171,0.0126436592112302,True,-0.0295180959465171,1,short_term,英はリセッション入りも、足元のエネルギー価格継続なら－ＮＩＥＳＲ | ロシア、ノルドストリーム１経由の欧州への天然ガス供給遮断も辞さず | ＬＭＥニッケル最高値更新－ロシア供給不安でショートスクイーズ
SPX Index,2022-04-22,USD,4271.78,-0.0277399707760728,0.0101830501770506,True,-0.0277399707760728,2,short_term,【米国市況】株が３週続落、決算失望と利上げ警戒－ドル128円台半ば | 【コラム】ロシアの苦戦、習氏に台湾侵攻を急がせる教訓に－ブランズ | メスター総裁「整然とした」利上げ支持－0.75ポイントの行動必要ない
SPX Index,2022-04-26,USD,4175.2,-0.0281463273837788,0.0112939162119171,True,-0.0281463273837788,0,short_term,ロビンフッドが人員削減、「超高成長」経て過剰な重複生じる | ＧＭの１－３月利益、市場予想上回る－半導体不足緩和を示唆 | グーグル親会社１－３月、売上高が予想下回る－ユーチューブ不振
SPX Index,2022-04-29,USD,4131.93,-0.0362845481049561,0.014954431280702,True,-0.0362845481049561,2,short_term,アマゾンが06年以来の大幅安、時価総額26兆円余り吹き飛ぶ | Ｓ＆Ｐ500種は4000割れが「臨界点」、大量脱出の引き金に－ＢｏｆＡ | バイデン米大統領が学生ローンの減免を検討、最低１万ドル－関係者
SPX Index,2022-05-18,USD,3923.68,-0.0403952211502012,0.019379750174197,True,-0.0403952211502012,1,short_term,デフレマインド転換の起点か、物価２％到達へ－上昇持続には障害も | 宇宙でも米中が対立、月資源巡り主導権争い－共通ルール不在のリスク | ウォルマートなど米小売り企業の痛手、米金融当局には良い兆候か
SPX Index,2022-06-10,USD,3900.86,-0.0291103135531208,0.014216463021561,True,-0.0291103135531208,4,short_term,【米国市況】株急落、積極利上げ警戒で短期債売り－ドル134円台前半 | テスラ、１対３の株式分割で株主に承認求める－委任状説明書 | 米レブロン株急落、53％安で過去最安値－破産法適用申請準備との報道
SPX Index,2022-06-13,USD,3749.63,-0.0387683741533918,0.0159284323308953,True,-0.0387683741533918,1,short_term,米中高官、台湾情勢など安全保障を協議－サリバン大統領補佐官と楊氏 | マイクロストラテジー株急落、ビットコイン関連損失10億ドルに接近 | オラクル株急伸、３－５月売上高と利益が市場予想上回る
SPX Index,2022-06-16,USD,3666.77,-0.0325119591344568,0.0151513432253235,True,-0.0325119591344568,0,short_term,米アドビ、通期売上高見通し下方修正－為替変動やロシアの影響で | 日銀は市場の利上げ圧力に屈せず－ブリッジウォーターのジェンセン氏 | 円急落でアジアのアマチュア投資家の円購入急増、買いの好機逃さず
SPX Index,2022-07-15,USD,3863.16,0.0192012410365187,0.008742064083947,True,0.0192012410365187,2,short_term,マスク氏、ツイッターが望む４日間の早期裁判阻止図る－買収巡り | 【米国市況】株上昇、１ポイントの利上げ観測後退－ドル138円台半ば | バイデン氏、石油供給増の「さらなる措置期待｣－サウジ国王らと会談
SPX Index,2022-07-19,USD,3936.69,0.0276283331375544,0.0098089581247121,True,0.0276283331375544,2,short_term,ウッド氏率いるアークがＥＴＦ初めて閉鎖、透明性に照準のＣＴＲＵ | ロシアのガスプロム、ノルドストリームでガス供給再開へ－関係者 | ビットコイン､2.3万ドル台回復－セルシウス破綻表面化の６月半ば以来
SPX Index,2022-07-27,USD,4023.61,0.0261562591652746,0.0113267864569279,True,0.0261562591652746,4,short_term,外務省:入国後待機を５日間に短縮、インドなどからの入国対象 (27日) | バイデン政権、サル痘で公衆衛生上の緊急事態を週内に宣言か－報道 | ＦＯＭＣ：市場の解釈よりもタカ派的と受け止めた－市場関係者の見方
SPX Index,2022-08-10,USD,4210.24,0.0212906340131036,0.0099751621158608,True,0.0212906340131036,0,short_term,弱気派が二度見するチャート､Ｓ＆Ｐ500は重要局面－回復本物か | 【米国市況】株が反発、ＣＰＩ減速でリスク選好－ドル133円付近 | カシュカリ総裁がタカ派筆頭に転換、23年末のＦＦ金利4.4％想定
SPX Index,2022-08-22,USD,4137.99,-0.0214001248675647,0.0095005500973385,True,-0.0214001248675647,1,short_term,米住宅市場で値引き広がる、パンデミック期にブーム様相呈した都市圏 | 旧統一教会問題で支持率急落、揺らぐ岸田首相の「黄金の３年」 | 新型コロナ全数把握は重症リスク患者に限定、24日にも首相表明－報道
SPX Index,2022-08-26,USD,4057.66,-0.033688010821315,0.0121433290748897,True,-0.033688010821315,5,long_term,トランプ氏、最高機密文書を自宅で不適切に保管－ＦＢＩ宣誓供述書 | 【米国市況】株急落、ＦＲＢ議長発言で売り強まる－ドル137円台半ば | 「子トラ」のローン・パイン、過去最悪の成績－資産規模も縮小
SPX Index,2022-09-13,USD,3932.69,-0.043236562775976,0.0148226248652764,True,-0.043236562775976,0,short_term,円が反発、あらゆるオプション排除せずと神田財務官－144円半ば | バイデン大統領、インフレ統計に言及せず－法案署名式典の演説で | ＦＲＢは行き過ぎる恐れ、米経済をオーバーステアも－ガンドラック氏
SPX Index,2022-10-03,USD,3678.43,0.025883947546031,0.0118188996115814,True,0.025883947546031,1,short_term,コラノビッチ氏再び警告、米金融政策が株価のリスク－日銀にも言及 | バイデン米政権、半導体技術の対中輸出で新たな制限発表へ－関係者 | 北ミサイル、日本から約3000キロ離れた太平洋に落下か－報道
SPX Index,2022-10-04,USD,3790.93,0.0305837001111888,0.0139902647793223,True,0.0305837001111888,0,short_term,ＥＣＢエンリア氏、欧州の銀行はマクロ経済リスクに楽観的過ぎる | 自民がコロナ特化ファンド含む企業支援策提言へ、ゼロゼロ融資終了で | ツイッターＬＢＯ、前進ならウォール街に１兆8000億円の頭痛の種
SPX Index,2022-11-10,USD,3956.37,0.0554344723454542,0.017125643731397,True,0.0554344723454542,3,short_term,ウォール街は米インフレ統計を歓迎－当局と市場に「若干の安心感」 | 米財務省、為替操作国の認定を見送り－日本の介入には寛容性示唆 | ＦＴＸデジタル・マーケッツの資産を凍結－バハマの証券規制当局
SPX Index,2022-11-30,USD,4080.11,0.030947814727501,0.0095274201011226,True,0.030947814727501,0,short_term,全産業設備投資9.8％増、６期連続プラス－７～９月法人統計 | オアシスがフジテックに臨時総会を要求、社外取締役の総入れ替え提案 | ガバナンス低評価企業に軍配、自社株買い発表後の株価上昇率 (訂正)
SPX Index,2022-12-15,USD,3895.75,-0.0249216583402581,0.0119376210921808,True,-0.0249216583402581,4,short_term,クオンツ投資家、米株急落で300億ドルの売却迫られる可能性－ノムラ | ソニーＧが熊本の半導体新工場に8000億円投資、24年秋稼働－報道 | アドビが通期売上高見通し据え置き、安定した需要予想示唆－株価上昇
SPX Index,2023-01-06,USD,3895.08,0.0228407867440456,0.0095748692133576,True,0.0228407867440456,2,short_term,【米国市況】株は11月以来の大幅高、賃金の伸び鈍化－ドル132円付近 | 米下院議長選、マッカーシー氏が過半数獲得に自信－休会後14回目投票 | ＥＣＢレーン氏、エネルギーコスト低下でもインフレ消えない
SPX Index,2023-01-20,USD,3972.61,0.0189183990150942,0.0091014377576094,True,0.0189183990150942,3,short_term,ＮＺ次期首相、ヒプキンス教育相が就任へ－アーダン氏の後任 | 【米国市況】ハイテク上昇し株反発、米当局者発言で懸念後退－円下落 | イエレン長官、米リセッションを警告－債務不履行となれば不可避に
SPX Index,2023-02-21,USD,3997.34,-0.0200412346871483,0.0086682576246995,True,-0.0200412346871483,1,short_term,中国の習近平主席が４月にも訪ロ準備、ウクライナ和平仲介か－報道 | 植田日銀、経済順調なら夏場にも正常化へ一歩－桜井元審議委員 | 米、ウクライナにボーイング製長距離ＧＰＳ誘導爆弾を供与へ－関係者
SPX Index,2023-03-03,USD,4045.64,0.0161477890665227,0.0080590601479916,True,0.0161477890665227,3,short_term,【米国市況】株が続伸、金融政策巡る楽観続く－ドルは135円台後半 | リッチモンド連銀総裁、米利上げを続ける必要－「より慎重な行動を」 | アップル、クラウド事業責任者のアボット氏が退社へ－関係者
SPX Index,2023-03-09,USD,3918.32,-0.018459372596762,0.0085933272355849,True,-0.018459372596762,4,short_term,バイデン大統領、6.9兆ドルの予算教書公表－法人･超富裕層に増税 | 【米国市況】Ｓ＆Ｐ500は７週ぶり安値、銀行に売り－ドル一時135円台 | 米家計純資産、10－12月に２％増加－不動産低迷も株高が寄与
SPX Index,2023-04-13,USD,4146.22,0.0132626253986487,0.0056870448902267,True,0.0132626253986487,0,short_term,ＬＶＭＨアルノー氏の資産急増、業績好調で－マスク氏との差が拡大 | ボーイング、７３７ＭＡＸの一部引き渡しを停止－品質問題で | 「影の銀行」が参入意欲、米商業用不動産市場－銀行や債券市場は敬遠
SPX Index,2023-04-25,USD,4071.63,-0.015810821263512,0.0051746620981743,True,-0.015810821263512,1,short_term,日銀は早ければ半年先にＹＣＣ修正も、総裁発言受け－山崎元財務官 | 米利上げ、もはや確実視されず－地銀問題でトレーダーが債券に向かう | 野村がマンハッタンで新オフィス探し、スペース縮小を模索－関係者
SPX Index,2023-04-27,USD,4135.35,0.0195661231906392,0.0068496538044079,True,0.0195661231906392,3,short_term,米スナップ株が一時21％安－１～３月は初の減収、広告低調で | インテル株が一転上昇、年後半の業績回復見通し示す | ＦＲＢからの銀行緊急借入残高、２週連続増加－金融システム緊張続く
SPX Index,2023-05-05,USD,4136.25,0.0184747440424306,0.0084014923777711,True,0.0184747440424306,3,short_term,シカゴ連銀総裁、６月ＦＯＭＣ会合での政策金利巡る判断は時期尚早 | 【米国市況】株が大幅高、ショートカバー入る－ドルは134円台後半 | バフェット氏に会長退任求める圧力、保守団体がゲイツ氏との関係標的
SPX Index,2023-05-26,USD,4205.45,0.0130489873003025,0.0062445028681303,True,0.0130489873003025,4,short_term,イエレン財務長官、米政府「Ｘデー」を６月５日と推計－書簡 | 【米国市況】株が上昇、ＡＩ熱狂続く－ドルは一時140円73銭 | 米財務省の現金残高、388億ドルに減少－特別措置残り670億ドル
SPX Index,2023-06-02,USD,4282.37,0.0145344016375188,0.0071868668983922,True,0.0145344016375188,2,short_term,米財務省、特別措置の90％余り使い切り－現金残高は2015年の水準並み | 【米国市況】株続伸、Ｓ＆Ｐ500種は強気相場に近づく－ドル140円付近 | 自分そっくりのＡＩクローンが言う、「あなたの仕事は奪いません」
SPX Index,2023-06-15,USD,4425.84,0.0121781369851734,0.0054342146846194,True,0.0121781369851734,0,short_term,ディズニーのマッカーシーＣＦＯ退任へ－ランズベリー氏が暫定的後任 | バイナンスＵＳ、人員削減－高額な法廷闘争となる可能性に備え | 米金融当局のＲＲＰ応札額、２兆ドル割れ－ＭＭＦがＴＢに向かうか
SPX Index,2023-06-27,USD,4378.41,0.0114557777870181,0.0055110359802132,True,0.0114557777870181,0,short_term,バイデン政権、ＡＩ半導体の対中輸出で新たな規制を検討－報道 | 行き過ぎた動きがあれば適切に対応、足元の円安進行受け－神田財務官 | 米経済データは予想上回る力強さ、リセッション懸念を寄せ付けず
SPX Index,2023-06-30,USD,4450.38,0.012269017659743,0.0059846996164467,True,0.012269017659743,4,short_term,【米国市況】ナスダック100、ＡＩブームで上期に歴史的上昇－円反発 | アップル、時価総額３兆ドル到達－ハイテクブームの強さ見せつけ | ゴールドマン、 アップルとの提携解消を検討中－報道
SPX Index,2023-07-28,USD,4582.23,0.0098778818753428,0.0044403683125611,True,0.0098778818753428,3,short_term,スウェーデン商業用不動産ＳＢＢ、「ＣＣＣ＋」に格下げ－Ｓ＆Ｐ | コンサート最盛期、ライブ・ネーション株は急落－司法省の訴訟観測で | 【米国市況】株は反発、日銀ＹＣＣ修正の影響払拭－141円台に逆戻り
SPX Index,2023-08-02,USD,4513.39,-0.013839575417383,0.0050351611397612,True,-0.013839575417383,4,short_term,フィッチ、ファニーメイとフレディマックを「ＡＡ＋」に格下げ | ドアダッシュ株上昇、４～６月注文総数が過去最多－宅配需要堅調 | メットライフ、４－６月期は減益－再保険取引に備える
SPX Index,2023-08-24,USD,4376.31,-0.0134580399954011,0.006348281967842,True,-0.0134580399954011,0,short_term,トレーディング界の眠れる巨人目覚める－ＢｏｆＡがライバル追い上げ | ＪＰモルガン勝訴、レバレッジドローンは有価証券でないと米高裁判断 | エヌビディア株、上場来高値更新後に失速－米株市場の下げが重し
SPX Index,2023-08-29,USD,4497.63,0.0145083470364129,0.0070140974011085,True,0.0145083470364129,1,short_term,ヘッジファンドのミレニアム、ゴールドマンの元石油トレーダー採用 | テスラに米運輸省が対応指示、オートパイロット設定巡る新たな懸念で | ハリケーン「イダリア」、勢力強め北上中－30日フロリダ上陸予想
SPX Index,2023-09-15,USD,4450.32,-0.0121595525071587,0.0058104342243055,True,-0.0121595525071587,2,short_term,【米国市況】テク主導で株反落－円は年初来安値更新、一時147円95銭 | 自動車ビッグ３、異例の一斉スト－バイデン氏｢ウィンウィンの合意を｣ | 米最大の公的年金基金、最高投資責任者が辞任－就任から２年足らず
SPX Index,2023-09-21,USD,4330.0,-0.0164008904638589,0.005859626513446,True,-0.0164008904638589,3,short_term,ドル・円は147円台半ば、日銀結果控え円買い－植田総裁の姿勢見極め | ヘッジファンド運用者ジャンペル氏、化石燃料株の空売り停止 | 幅広い資産クラスの売りが広がる－トレーダーがＦＲＢの現実に順応
SPX Index,2023-09-26,USD,4273.53,-0.0147344977682688,0.0065570365266041,True,-0.0147344977682688,0,short_term,｢強い緊張感持って動き見ている｣と鈴木財務相－１ドル149円台で推移 | 米銀行業界の預金総額減少、前年同期を初めて下回る－Ｓ＆Ｐ | 米上院の与野党指導部、つなぎ予算案で合意－政府機関閉鎖回避で
SPX Index,2023-10-18,USD,4314.6,-0.0133997987743527,0.006664343298456,True,-0.0133997987743527,5,long_term,スナク英首相、19日にイスラエル訪問－２日間で中東歴訪へ | 【米国市況】株安・原油高、中東情勢緊迫で－ドルは150円に接近 | ＬＭＥ銅、一時の上げ消す－中国の経済成長と地政学的リスクが綱引き
SPX Index,2023-11-02,USD,4317.78,0.0188585748467386,0.0091724271362044,True,0.0188585748467386,6,long_term,【米国市況】Ｓ＆Ｐ500は４月以来の大幅高、雇用統計控え－150円半ば | 米国債への楽観論に冷や水、底入れ判断は時期尚早との声相次ぐ | ハーバードやイエール大、反ユダヤ主義の対応で有力法律事務所が警告
SPX Index,2023-11-14,USD,4495.7,0.0190749283131779,0.0083676914783793,True,0.0190749283131779,6,long_term,マスク氏のスペースＸ、17日にも「スターシップ」の打ち上げ再開か | エヌビディア株が最高値更新、過去最長の10連騰－ＡＩ向け製品改良 | 米司法省、航空機の未認証部品巡る調査に加わる－関係者
SPX Index,2023-12-07,USD,4585.59,0.0079681887922204,0.0034474243421712,True,0.0079681887922204,7,long_term,新ＮＩＳＡで日本株需給変化か、投信フローが示す個人大転換の可能性 | 米ＭＭＦの資産残高、過去最高更新－金融政策巡り不透明感 | 円急伸、早期の日銀政策転換観測－対ドルで約１年ぶり上昇率
SPX Index,2023-12-13,USD,4707.09,0.013650752632599,0.0042884137352719,True,0.013650752632599,1,short_term,アップル株、終値で最高値更新－ＦＲＢのハト派傾斜で大型テク株上昇 | 仏ビベンディ、メディア帝国の分割を検討－各部門の成長機会探る | 【ＦＯＭＣ】当局は軟着陸への準備整えている－市場関係者の見方
SPX Index,2023-12-20,USD,4698.35,-0.014684263175886,0.0057097236791554,True,-0.014684263175886,0,short_term,中国外相、フィリピンとの関係は「深刻な困難」に直面－比外相に警告 | モルガンＳ、プライベートクレジットファンド検討－関係者 | 米ＦＡＡ、航空会社への警告拡大－偽造文書付き部品問題巡り
SPX Index,2024-01-08,USD,4763.54,0.0141146715943831,0.0059079536330231,True,0.0141146715943831,0,short_term,イエレン米財務長官、トランプ減税延長なら財政赤字に「深刻な懸念」 | ボウマンＦＲＢ理事、将来的に利下げ支持も－インフレさらに鈍化なら | 米株など昨年のリスク資産上昇、2024年も続く余地－ブラックロック
SPX Index,2024-01-19,USD,4839.81,0.0123134781026326,0.0056637406817269,True,0.0123134781026326,6,long_term,米国、紅海でのフーシ派への攻撃強化を検討－関係者 | 富士通はシステム導入当初から欠陥認識、英郵便も－欧州責任者が証言 | 【米国市況】Ｓ＆Ｐ500種が最高値、消費者マインド改善－ドル148円台
SPX Index,2024-01-31,USD,4845.65,-0.0161056818620216,0.0057330157398785,True,-0.0161056818620216,0,short_term,大和証Ｇ、10－12月純利益は86％増の285億円－リテールがけん引 | 元ドイツ銀幹部、最大1200億円調達目指す－アジアのファンド２本向け | 警戒すべきはリモートワーカーと中間管理職か－相次ぐレイオフ次の波
SPX Index,2024-02-22,USD,5087.03,0.0211228873098077,0.006894998572472,True,0.0211228873098077,3,short_term,【米国市況】株価指数は最高値､ＡＩ旋風が地球一周－ドル150円台半ば | ハーカー総裁、早過ぎる金融緩和のリスクを強調－年内利下げは適切 | 米商業用不動産の差し押さえ件数が急増、前年同月比２倍－問題深刻化
SPX Index,2024-04-04,USD,5147.21,-0.0123342844368884,0.0049438053015965,True,-0.0123342844368884,0,short_term,テルアビブでＧＰＳ混乱、イスラエル軍がイランの攻撃に備え防衛措置 | 植田日銀総裁、物価目標達成の確度高まれば追加利上げ検討－報道 | トヨタ、堤工場第１ライン４日から９日まで停止－生産工程確認作業で
SPX Index,2024-04-05,USD,5204.34,0.0110992168572876,0.0054994881337666,True,0.0110992168572876,2,short_term,【米国市況】株反発、強い雇用統計で景気楽観論強まる－151円60銭台 | 原油価格は高値水準が続く可能性、地政学リスク高まる－ピムコ | ウォール街の新入社員、年収3520万円－ロンドンとの差が一段と広がる
SPX Index,2024-04-12,USD,5123.41,-0.0145507072432324,0.0063355797456609,True,-0.0145507072432324,9,long_term,ＵＳスチール臨時株主総会、日本製鉄による買収計画を可決 | 【米国市況】株下落し国債上昇、中東情勢懸念で逃避－153円25銭近辺 | ＳＦ連銀デーリー総裁、金利を調整する緊急性は全くない
SPX Index,2024-04-30,USD,5035.69,-0.0157305171642069,0.0076240139771087,True,-0.0157305171642069,1,short_term,マスク氏、インド訪問延期後に訪中－中国のシグナル発信には好都合 | 英銀ＨＳＢＣ、クインＣＥＯが５年近くで退任へ－後任探しに着手 | 債券は大幅高、日銀の国債買い入れ継続や米長期金利低下で買い優勢
SPX Index,2024-06-05,USD,5354.03,0.0118476605169957,0.0046548468650506,True,0.0118476605169957,0,short_term,エヌビディア、時価総額３兆ドル超え－アップル抜く | ヘッジファンド手数料開示規則、米連邦高裁が無効判断－ＳＥＣに打撃 | ＬＭＥ銅が続落－中国の需要懸念で工業用金属相場に新たな圧力
SPX Index,2024-07-02,USD,5509.01,0.0061953319488812,0.0028732794345053,True,0.0061953319488812,8,long_term,オルタナ投資ストーンピーク、日本会長に神保氏－元ＢｏｆＡ証副会長 | イーライリリーのアルツハイマー病治療薬、ＦＤＡが認可 | ＴＯＰＩＸ見直しで小型株に異変、当落線挟み株価明暗－上位1200の壁
SPX Index,2024-07-10,USD,5633.91,0.01020803373869,0.0033394692018186,True,0.01020803373869,0,short_term,エーザイのレカネマブ、香港でアルツハイマー病治療剤として承認取得 | ノボの週１回投与インスリン、米ＦＤＡが追加情報を要請 | ペロシ氏、バイデン氏に決断促す－大統領側近は民主上院議員と会合へ
SPX Index,2024-07-11,USD,5584.54,-0.0087630082837674,0.0040038196688926,True,-0.0087630082837674,0,short_term,エーザイ、レカネマブがイスラエルで新薬承認取得 | 再選目指すバイデン米大統領にまた打撃－側近・顧問が撤退説得方法を協議か | 【米国市況】円急伸、米ＣＰＩでＦＲＢ利下げ観測強まる－介入報道も
SPX Index,2024-07-17,USD,5588.27,-0.0139275127046865,0.0054040904634399,True,-0.0139275127046865,4,short_term,モルガン・スタンレー、80億ドル規模の起債実施－投資家から強い需要 | バイデン氏、家賃制限や最高裁改革で歩み寄り－進歩派の支持拡大狙う | ＬＭＥ銅、２週間ぶり安値－中国の需給巡る不透明感で
SPX Index,2024-07-24,USD,5427.13,-0.0231490314521557,0.0080573460522362,True,-0.0231490314521557,1,short_term,トヨタ、人気ＳＵＶ「4Runner」最新型の米発売を延期－部品不足で | トランプ主義の脅威に矛先、ハリス氏「極端なアジェンダ」集中攻撃へ | ハリス氏、黒人票の結集に動く－人種問題が大統領選の主要争点に
SPX Index,2024-08-05,USD,5186.33,-0.0299688023701222,0.0113041337391448,True,-0.0299688023701222,0,short_term,突然の株大暴落、個人投資家が損切り危機直面－ＮＩＳＡにも試練 | バングラデシュ、大統領と軍がデモ沈静化図る－前首相は国外脱出 | ビットコインとイーサが急落、世界的なリスク回避の流れで
SPX Index,2024-09-03,USD,5528.93,-0.0211511224417533,0.0078805500408213,True,-0.0211511224417533,5,long_term,二極化する小売株、円安修正で「牛丼」や「家具」復調－百貨店急失速 | ノルウェー年金基金、イスラエル軍事行動支援する企業株売却も－報道 | エヌビディア株急落、2789億ドル吹き飛ぶ－米１銘柄として過去最大
SPX Index,2024-09-06,USD,5408.42,-0.0172602077620965,0.0079517513845957,True,-0.0172602077620965,2,short_term,バイデン氏側近ら、政府系ファンド創設案を策定－安保利益に投資 | 【米国市況】株下落、米雇用統計で景気懸念再燃－ドル一時141円78銭 | アップルは９日に何を発表するのか、想定される新製品の完全ガイド
SPX Index,2024-10-31,USD,5705.45,-0.0186147476550957,0.0056066384857196,True,-0.0186147476550957,0,short_term,トヨタとＮＴＴ､ＡＩ運転支援技術開発へ5000億円投資-事故ゼロへ | 英に債券自警団の厳しい目、８兆円増税でも－トラス政権の悪夢を警戒 | 【日本市況】円上昇、物価上振れリスクと日銀－総裁会見中に一段高
SPX Index,2024-11-05,USD,5782.76,0.0122656751897969,0.0058296837310227,True,0.0122656751897969,6,long_term,大手銀行、終夜のクレジット取引に備える－米選挙の開票状況注視 | アップル、ＥＵがデジタル市場法に基づき初の制裁金賦課へ－関係者 | ＬＭＥ銅が３日続伸、中国の追加刺激策期待で－米大統領選投票日
SPX Index,2024-11-06,USD,5929.04,0.0252958794762361,0.0082029226329685,True,0.0252958794762361,5,long_term,米鉄鋼株の人気復活、トランプ氏返り咲きで業界先行きに楽観論 | トランプ氏勝利、衝撃のホワイトハウス返り咲き－ハリス氏敗北認める | ＭＳＣＩ､ＡＣＷＩ指数にフジクラなど22銘柄追加－57銘柄を除外
SPX Index,2024-12-11,USD,6084.19,0.0081658218598121,0.0035532937790316,True,0.0081658218598121,0,short_term,ブラジル中銀、１ポイント大幅利上げ－今後２会合も同幅引き締め想定 | 日銀は利上げ急がず、今月見送りでも物価加速リスク小さい－関係者 | チョコレート米ハーシー主要株主、モンデリーズの買収提案を拒否
SPX Index,2024-12-18,USD,5872.16,-0.0294928941048918,0.0076232820228243,True,-0.0294928941048918,1,short_term,ニュージーランド、７－９月は予想以上のマイナス成長－高金利が重し | アップル、iPhone端末の定額利用サービス構築の取り組み中止－関係者 | エリオットの後継者育成に脚光、ロンドンからの人材流出で臆測高まる
SPX Index,2025-01-10,USD,5827.04,-0.0154116504034131,0.0071566264992206,True,-0.0154116504034131,2,short_term,トランプ氏の「口止め料」裁判、有罪評決維持も刑罰なし－ＮＹ州地裁 | 【米国市況】強い雇用統計で株下落、国債利回り上昇－円は157円後半 | 米経済の強さ示した雇用統計、投資家には頭痛の種－株と債券が同時安
SPX Index,2025-01-15,USD,5949.91,0.0183127927693562,0.0077525072411186,True,0.0183127927693562,0,short_term,タイ、専門家や富裕層のビザ規定緩和－国内資産・対内投資要件を重視 | 対ベネズエラ制裁のシェブロン適用外、ルビオ米上院議員が見直し提言 | ビットコインが10万ドルを一時回復、米ＣＰＩ発表後にリスク資産買い
SPX Index,2025-02-21,USD,6013.13,-0.0170641044083224,0.0061140855236625,True,-0.0170641044083224,4,short_term,人気ユーチューバーが自身のＥＴＦ閉鎖へ、成績不振と高いコストで | コウモリから新型コロナに似た新たなウイルス検出、武漢の研究所発表 | 米インフレ率は速いペースで上昇、利下げ後ずれへ－エコノミスト調査
SPX Index,2025-02-27,USD,5861.57,-0.015864514460902,0.0062576805059661,True,-0.015864514460902,0,short_term,DeepSeekが最後の警告、クオンツ生き残りにＡＩ必須－中国運用会社 | 米ＨＰの四半期利益見通しが予想下回る、関税が影響－1000人超削減へ | 小型株が巻き返し、トランプ関税脅威で大型株軟調－景気回復も支援
SPX Index,2025-02-28,USD,5954.5,0.0158541141707768,0.0073485904816916,True,0.0158541141707768,2,short_term,インドネシア中銀、ルピア支援－株価指数は弱気相場入りの方向 | ベゾス氏婚約者ら宇宙へ、ブルーオリジン女性クルーのみのロケット | トランプ大統領、カナダ・メキシコ関税３月４日発動－中国も10％追加
SPX Index,2025-03-03,USD,5849.72,-0.0175967755479049,0.0080524143454129,True,-0.0175967755479049,1,short_term,Ｂ.ライリーの株式非公開化に向けた動き、会長が中止 | 米国の自動車価格、180万円上がる可能性－トランプ関税の価格転嫁で | 東南アジア一の経済大国インドネシア、四半世紀ぶりのデフレ
SPX Index,2025-03-10,USD,5614.56,-0.0269730685244877,0.0106392044671466,True,-0.0269730685244877,1,short_term,マールアラーゴ合意、福音にも－国際金融のトリレンマに苦しむアジア | 米オラクル、売上高が市場予想に届かず－クラウドインフラ分野低調 | 恐怖指数ＶＩＸ、節目の30に迫る－昨年８月ショック時以来の水準
SPX Index,2025-04-03,USD,5396.52,-0.0483956007526048,0.0134930709989565,True,-0.0483956007526048,5,long_term,実質消費支出は３カ月ぶりマイナス、食料や住居が減少－２月 | ドル指数下落、トランプ氏当選後の上昇消す－今年10％下げの予想も | 日本株は大幅続落へ、米国株急落や為替の円高を嫌気－内外需広く売り
SPX Index,2025-04-04,USD,5074.08,-0.0597496164194704,0.0186364120376536,True,-0.0597496164194704,4,short_term,ＪＰモルガン、今年の米リセッションを予想－トランプ関税が雇用抑制 | カリフォルニア州産品は報復除外を、知事が各国に「対話」アピール | 【米国市況】株急落、ナスダック100は弱気相場入り－円は147円付近
SPX Index,2025-04-09,USD,5456.9,0.0951539003405734,0.0291147268008166,True,0.0951539003405734,0,short_term,長期金利が13ｂｐ上昇、米相互関税の一時停止でリスクオフ巻き戻し | ３月の企業物価は前年比4.2％上昇、前月から伸び拡大－日銀 | 円は147円台後半、米相互関税が一時停止－米中対立はドルの重し
SPX Index,2025-05-12,USD,5844.19,0.0325588216067038,0.0095602114586349,True,0.0325588216067038,7,long_term,マクドナルド、今夏に全米で37万5000人採用－近年で最大規模に | ハーバード大やイェール大への大幅増税を提案－米共和党 | ＴＯＰＩＸ13日続伸へ、米中交渉進展や円安を好感－輸出など広く上げ
SPX Index,2025-05-27,USD,5921.54,0.0204590182014952,0.0097944630338607,True,0.0204590182014952,0,short_term,世界的に債券上昇、米30年債利回りが３月以来の低下－市場に安堵感 | 日本株にイールドスプレッドの逆風、配当より超長期債は15年ぶり割安 | トランプ政権、学生ビザ申請者の面接予約を停止－大学との対立激化へ
SPX Index,2025-07-23,USD,6358.91,0.0078118809056646,0.0034756585334557,True,0.0078118809056646,5,long_term,米最大の送電網運営会社コスト、過去最高を更新－ＡＩブームで | トランプ氏の対日自動車関税、米産業に「不利益」との声－反発強まる | ミレニアム、外部ヘッジファンド２社に計42億ドル運用委託－関係者
SPX Index,2025-08-01,USD,6238.01,-0.0159920749472741,0.0046769563356677,True,-0.0159920749472741,2,short_term,猛暑で試される人類の限界、気候変動がもたらす命の危機－QuickTake | 京都離れの日本人、金閣寺・清水寺でも集客減少－奈良が人気集める | 【米国市況】円２％超上げて147円台、株は大幅安－雇用統計で大荒れ
SPX Index,2025-08-04,USD,6329.94,0.0147370715981538,0.0056469135123074,True,0.0147370715981538,0,short_term,米シェール大手、世界的な原油供給過剰に備え－設備投資削減へ | 米投資適格債市場で起債ラッシュ､４日に13社が調達－金利低下追い風 | 米パランティア、４－６月期は48％増収－ＡＩの「驚異的影響」指摘
SPX Index,2025-08-22,USD,6466.91,0.0151864078980623,0.0061972901909476,True,0.0151864078980623,2,short_term,米政府、インテルの株式約10％取得で合意－補助金活用し異例の措置 | 見知らぬ人と暮らす、強まるコミュニティー意識－共同生活の難しさも | 米銀株が最高値更新、22年以来－著名アナリスト「３つの追い風」指摘
SPX Index,2025-09-11,USD,6587.47,0.0084858635280862,0.0041085327588594,True,0.0084858635280862,0,short_term,メキシコ高関税、日本車の優位際立つ－貿易協定ない韓国勢は不利に | マイラン次期FRB理事の指名承認、15日の表決計画－米上院共和党 | トランプ氏、ロシア無人機侵入「間違いだった可能性」－不満も表明
USDJPY Curncy,2022-01-26,,114.64,0.0066736916051985,0.0028590667774053,True,0.0066736916051985,1,short_term,ＥＣＢ、欧州銀のロシアリスク評価に動くと関係者－ウクライナ危機で | パウエルＦＲＢ議長、米雇用情勢は最大限の雇用と合致－記者会見 | クレジットリスクの指標、20年11月以来の高水準－パウエル議長発言後
USDJPY Curncy,2022-03-04,,114.82,-0.0055430452104624,0.0026637268419025,True,-0.0055430452104624,1,short_term,シェル、ロシアのウラル原油を記録的ディスカウントで購入 | ブルームバーグ、ロシアでの記者活動を一時的に停止へ | 【米国市況】株が続落、原油115ドル台－ウクライナ危機深刻化で動揺
USDJPY Curncy,2022-03-11,,117.29,0.009901842603754,0.003360577683699,True,0.009901842603754,5,long_term,【米国市況】Ｓ＆Ｐ500は週間で１月以来の大幅安－円は対ドル117円台 | ドイツ銀もロシア事業を縮小へ、方針転換－ゴールドマンなどに追随 | ＦＯＭＣ、金利軌道に慎重とエコノミスト－不透明感増す中で会合へ
USDJPY Curncy,2022-03-22,,120.8,0.0111325018833179,0.0038188115285758,True,0.0111325018833179,2,short_term,経産省:東北電管内の需給逼迫警報を解除、節電は引き続き要請 (22日) | クリーブランド連銀総裁、年末までに2.5％程度への利上げ支持 | エヌビディア、新製品投入による成長に重点－自社株買い追加示さず
USDJPY Curncy,2022-03-24,,122.35,0.0099050763516301,0.0036283416826808,True,0.0099050763516301,0,short_term,ドイツ銀、ＥＣＭ責任者ら４人をコンプライアンス違反で解雇－関係者 | 日米首脳、北朝鮮による2017年以来のＩＣＢＭ試射を「強く非難」 | エヌビディア株急伸、米株相場押し上げ－中核事業拡大に投資の方針
USDJPY Curncy,2022-03-28,,123.86,0.0146637175391168,0.0046864368050951,True,0.0146637175391168,0,short_term,北朝鮮の核実験示唆、米ロの不和を利用か－追加制裁の可能性低く | 【ウクライナ】交渉の「最低限」目標設定－キエフ近郊イルピン奪還か | 停戦交渉仲介の実業家アブラモビッチ氏に毒物症状－キエフでの協議後
USDJPY Curncy,2022-04-19,,128.91,0.0151193007323411,0.004236834948159,True,0.0151193007323411,0,short_term,ソフトバンクＧ出資のサンドボックス、新たな資金調達検討－関係者 | ウクライナ軍、包囲されるリスクも－ロシア軍が一部の東部都市を制圧 | 【ウクライナ】ロシアが東部総攻撃、マリウポリ最後の拠点ほぼ壊滅か
USDJPY Curncy,2022-04-28,,130.85,0.0188429494666353,0.0067053544056648,True,0.0188429494666353,0,short_term,アマゾン株急落、売上高見通しが予想下回る－ネット販売不振で | 【米国市況】株７週ぶり大幅高、企業業績を楽観－ドルは一時131円台 | ゴールドマン、円一段安を予想－介入さえも下げを止められない
USDJPY Curncy,2022-06-01,,130.13,0.0113468562990597,0.004805588047748,True,0.0113468562990597,0,short_term,新資本主義は「売り」か「買い」か、岸田首相の真意探る金融市場 | サウジがＯＰＥＣプラスの協定から離脱も、ロシア巡る混乱で－ＲＢＣ | 政府、入国者数上限を７月にも３万人に引き上げ検討－報道
USDJPY Curncy,2022-06-08,,134.25,0.0125197978731428,0.0050874412226572,True,0.0125197978731428,3,short_term,「ＧｏＴｏトラベル」代替の「県民割」、旅行先を全国に拡大へ－報道 | テスラＥＶ世界シェアはここ３年で最低、上海の封鎖響く－クレディＳ | 世界の超富裕層、ＥＳＧ投資の精査強化－グリーンウォッシュ懸念で
USDJPY Curncy,2022-06-15,,133.84,-0.0120321842474347,0.0056145145489067,True,-0.0120321842474347,1,short_term,米株式相場は下げ一服、異例の大幅利上げ「普通」にならずと議長発言 | ブラジル中銀、政策金利0.5ポイント引き上げ－追加利上げ示唆 | 香港が今年３度目の基準金利引き上げ、２％に－米利上げに追随
USDJPY Curncy,2022-06-17,,135.02,0.0212540655018531,0.0077707384928617,True,0.0212540655018531,1,short_term,【米国市況】株が小反発、波乱の１週間終える－ドル135円近辺に急伸 | ＦＲＢ、物価安定回復へのコミットメントに｢条件ない｣－政策報告 | サマーズ氏、ＦＲＢは「深刻さ過小評価」－失業率はるかに上昇と警告
USDJPY Curncy,2022-07-11,,137.44,0.0105139327990588,0.0040898412613737,True,0.0105139327990588,0,short_term,為替介入は必要なし、円はファンダメンタルズを反映－古沢元財務官 | マスク氏に資金約束の銀行は巨額損失回避か－ツイッター買収頓挫なら | アトランタ連銀総裁、米経済は大幅な追加利上げに対処可能
USDJPY Curncy,2022-07-14,,138.96,0.0114273236771236,0.0042471442548783,True,0.0114273236771236,0,short_term,ビットコイン２万ドル回復、セルシウス破産法申請を消化 | ＴＳＭＣ、22年売上高見通し引き上げ－設備投資を一部先延ばし | 安倍氏の「悲願」憲法改正、岸田首相が意欲も険しい実現への道
USDJPY Curncy,2022-07-28,,134.27,-0.0168411803470746,0.0061037701922535,True,-0.0168411803470746,4,short_term,米中首脳会談、台湾問題で応酬－下院議長訪問計画で高まる緊張下 | バレンタイン緩和も効果限定、円高・政治に日銀苦悩－12年上期議事録 | ＮＹ州、サル痘を「公衆衛生への差し迫った脅威」と宣言－報道
USDJPY Curncy,2022-08-01,,131.61,-0.0124559165603661,0.0061719395389212,True,-0.0124559165603661,0,short_term,アップルが55億ドル起債、４本立て－自社株買いと配当の資金を調達 | 米政府、ペロシ氏訪台でも中国に平静呼び掛け－緊張抑制に注力 | 【ウクライナ】米国務長官がロシア非難、核の「無謀な」威嚇で
USDJPY Curncy,2022-08-05,,135.01,0.0159530438708705,0.0075673110935572,True,0.0159530438708705,2,short_term,【米国市況】Ｓ＆Ｐ500が週間で上昇、雇用統計は好調－ドル135円付近 | 中国軍機49機が台湾海峡の中間線を突破、過去最多－台湾国防部 | アマゾン、16.5億ドルでアイロボット買収へ－「ルンバ」メーカー
USDJPY Curncy,2022-09-01,,140.21,0.0089953943580887,0.0043010807094816,True,0.0089953943580887,0,short_term,高性能半導体の対中輸出、米が新規制で制限へ－エヌビディア株急落 | ルルレモン株、時間外で上昇－通期売上高見通しを上方修正 | スターバックス、次期ＣＥＯにラクスマン・ナラシムハン氏起用を発表
USDJPY Curncy,2022-09-06,,142.8,0.015647226173542,0.0050698117199105,True,0.015647226173542,2,short_term,米天然ガス先物が大幅下落、生産増と需要抑制の見通しで | 円の対ドル年初来下落率が年間の過去最大超える | 米ベッド・バス、暫定ＣＦＯ指名－前任者死去後初の取引で株価急落
USDJPY Curncy,2022-10-12,,146.91,0.0071986836692716,0.0030835118178203,True,0.0071986836692716,3,short_term,アプライド、業績見通し下方修正－新輸出規制で中国販売に痛手 | ＬＭＥアルミ急伸、米政権がロシア産アルミの完全禁輸検討との報道で | イエレン財務長官、米国債市場の「十分な流動性」の喪失を懸念
USDJPY Curncy,2022-10-14,,148.67,0.0105356171832515,0.0035031677963012,True,0.0105356171832515,1,short_term,【米国市況】株が急反落、インフレ期待上昇が響く－ドル148円台後半 | ブラード総裁、｢悪質｣インフレは利上げ前倒し継続を正当化－ロイター | 鈴木財務相、円には「急速で一方的な動き」－ＮＹ市場でドル伸び悩む
USDJPY Curncy,2022-10-21,,147.65,-0.0166500166500166,0.0051289851822905,True,-0.0166500166500166,1,short_term,【米国市況】円が乱高下、介入実施か－国債利回り下げに転じて株反発 | ＦＯＭＣ、利上げピークと減速時期を討議へ－ブラード氏とデーリー氏 | 【欧州市況】英国の超長期債が上昇、週間で過去最大－株下落
USDJPY Curncy,2022-11-10,,140.98,-0.0374820782412781,0.0099431807986772,True,-0.0374820782412781,2,short_term,ウォール街は米インフレ統計を歓迎－当局と市場に「若干の安心感」 | 米財務省、為替操作国の認定を見送り－日本の介入には寛容性示唆 | ＦＴＸデジタル・マーケッツの資産を凍結－バハマの証券規制当局
USDJPY Curncy,2022-12-01,,135.33,-0.0198450061562973,0.0068738175580116,True,-0.0198450061562973,2,short_term,ＦＲＢの銀行健全性審査、バー副議長の下で見直し | ＦＯＭＣは12月にも利上げペース減速の可能性－バーＦＲＢ副議長 | 【ウクライナ】和平交渉の時期・条件はウクライナ自ら判断－仏大統領
USDJPY Curncy,2022-12-05,,136.75,0.0165018954879951,0.0079206505347977,True,0.0165018954879951,1,short_term,仮想通貨業界、誇大広告疑いでＦＴＣが一部企業調査－圧力強まる | サウジ、アジア向け原油販売価格を引き下げ－需要の脆弱さ示す兆候か | スラックのバターフィールドＣＥＯ退任へ－セールスフォース幹部流出
USDJPY Curncy,2022-12-15,,137.78,0.0169766755240625,0.0084149161310817,True,0.0169766755240625,0,short_term,クオンツ投資家、米株急落で300億ドルの売却迫られる可能性－ノムラ | ソニーＧが熊本の半導体新工場に8000億円投資、24年秋稼働－報道 | アドビが通期売上高見通し据え置き、安定した需要予想示唆－株価上昇
USDJPY Curncy,2022-12-20,,131.73,-0.0378350741362939,0.0121250318952359,True,-0.0378350741362939,0,short_term,政府、宇宙領域に特化した安全保障構想を文書にまとめる方針－報道 | エクソンの時価総額、テスラ追い抜く－成長株からバリュー株にシフト | 日銀ＹＣＣ修正サプライズ、一段の金利上昇と円高への圧力が継続か
USDJPY Curncy,2023-01-12,,129.25,-0.0241600604001509,0.0080980255428292,True,-0.0241600604001509,3,short_term,グーグルとエヌビディアがアクティビジョン買収計画を懸念、ソニーに続く－関係者 | 日米首脳会談、先端半導体技術の対中輸出規制が議題に－関係者 | 日加首脳､ＬＮＧ･重要鉱物で協力強化へ－産業ミッション相互訪問発表
USDJPY Curncy,2023-02-03,,131.19,0.0195057506994094,0.006444986024465,True,0.0195057506994094,3,short_term,【米国市況】株下落、雇用統計が予想以上に堅調－ドル131円台に急伸 | 中国不動産の危機「未解決」、ＩＭＦが報告で指摘－中国側は反論 | ＳＦ連銀総裁、12月ドットプロットなお有益－「すごい」雇用統計後も
USDJPY Curncy,2023-02-24,,136.48,0.0132145508537491,0.0053679605310822,True,0.0132145508537491,1,short_term,【米国市況】株反落、ＰＣＥ価格指数が予想上回る－ドル136円台前半 | セントルイス連銀総裁、ＦＯＭＣは「今すぐ行動を」－信頼回復が急務 | 「ChatGPT」に警戒強めるウォール街、大手行で利用禁止の動き相次ぐ
USDJPY Curncy,2023-03-07,,137.16,0.0090487751048333,0.0042178596014134,True,0.0090487751048333,1,short_term,豪中銀総裁「利上げ停止が適切な地点に近づく」引き締め余地残す | 日米韓で協議体創設検討、対北抑止力を強化－報道 | イーロン・マスク氏、ツイッターはキャシュフローで収支均衡も－４－６月に
USDJPY Curncy,2023-03-17,,131.85,-0.0141318977119785,0.0058482299131695,True,-0.0141318977119785,3,short_term,ＵＢＳがクレディ・スイス全体または一部買収で協議中－ＦＴ紙 | ファースト・リパブリックが増資を計画－ＮＹＴ | 【米国市況】銀行売りでＳ＆Ｐ反落、国債大幅高－ドル軟調132円近辺
USDJPY Curncy,2023-03-29,,132.86,0.0150508060203227,0.0070507988109629,True,0.0150508060203227,0,short_term,ＵＢＳ、エルモッティ氏をＣＥＯに再起用－クレディＳ買収統括へ | シグネチャーのローン８兆円売却へ、ＦＤＩＣ助言会社と契約－関係者 | アップル、６月５日に開発者会議（ＷＷＤＣ）開幕－ＭＲヘッドセット発表へ
USDJPY Curncy,2023-04-28,,136.3,0.017391953422408,0.0055446010222676,True,0.017391953422408,1,short_term,ファースト・リパブリック株急落、当局の管理下に置かれるとの観測 | 【米国市況】株続伸､銀行懸念を好決算が打ち消し－１ユーロ150円付近 | サマーズ氏、ファースト・リパブリック問題早急に解決を－遅れを批判
USDJPY Curncy,2023-05-03,,134.71,-0.0134749176125961,0.0064218592677672,True,-0.0134749176125961,1,short_term,パウエル議長、経済に極めてマイナス－債務上限引き上げなければ | クアルコム、４－６月収益見通しが市場予想下回る－時間外で株価下落 | 【米国市況】株続落、終盤に売り－利下げ期待にパウエル議長が冷や水
USDJPY Curncy,2023-06-08,,138.92,-0.0086348390779991,0.0039796750955445,True,-0.0086348390779991,0,short_term,ペルー中銀、政策金利を22年ぶり高水準に据え置き－インフレ抑制へ | カナダ山火事の影響､米東部で13日まで続く恐れ-首都ワシントンに警報 | ＡＩブームでテック投資ファンド好調－タイガーは年初来プラス15.5％
USDJPY Curncy,2023-06-16,,141.82,0.0109059804690283,0.0043645573673929,True,0.0109059804690283,1,short_term,ブリンケン米国務長官、訪中は対立リスクの軽減が目的と説明 | ゴールドマンとバークレイズ、米利下げはないとの見方で大当たり | 【米国市況】Ｓ＆Ｐ500種が反落、週間では５週連騰－ドル142円に接近
USDJPY Curncy,2023-06-22,,143.11,0.0086692979983085,0.0041381234253746,True,0.0086692979983085,2,short_term,ブラックロックが人員削減発表、対象スタッフは全体の「１％未満」 | シティグループ、オフィス勤務規則守らない社員に厳しく対応へ | 世界的なインフレ警戒、利上げ相次ぐ長い夏の予兆か－見通し反転
USDJPY Curncy,2023-07-07,,142.21,-0.0129103907822585,0.0042616927195893,True,-0.0129103907822585,6,long_term,【米国市況】株が３日続落、円は３月以来の大幅高－米雇用統計受け | オランダのルッテ連立政権が崩壊、移民政策巡り意見集約できず | 米政府、原油600万バレルを追加購入へ－戦略石油備蓄を補充
USDJPY Curncy,2023-07-12,,138.5,-0.0132516386434882,0.0048817959031039,True,-0.0132516386434882,1,short_term,中国の道路で自動車走らず、犬が散歩－地方で露呈する刺激策の課題 | ディズニー、アイガー氏のＣＥＯ契約をさらに２年延長－26年末まで | 米金融当局者、７月会合で利上げ再開する方向－ＣＰＩ急激に鈍化でも
USDJPY Curncy,2023-07-21,,141.73,0.0118512172485185,0.0058945682952659,True,0.0118512172485185,1,short_term,アマゾンが一部従業員に転居を要請へ、オフィス復帰の一環－関係者 | 【米国市況】ハイテク株に決算絡みの売り、円は対ドル141円台後半 | 映画「バービー」が好調なスタート、先行上映で興行収入2230万ドル
USDJPY Curncy,2023-09-05,,147.72,0.0085341708199631,0.004140184390894,True,0.0085341708199631,0,short_term,ＵＢＳ、株式カバレッジを倍増へ－クレディ・スイス買収で | 中国不動産セクターの見通し、不確実性あってもより有望－ヴァーレ | 米株投資家は失望へ、先行き楽観し過ぎ－モルガンＳウィルソン氏
USDJPY Curncy,2023-10-03,,149.02,-0.0056052315494461,0.0027342308850294,True,-0.0056052315494461,0,short_term,円が一転急伸、一時は昨年10月以来の150円台－介入観測も | イタリア・ベネチア近郊でバス転落事故、少なくとも21人死亡 | イエレン氏「決して既定路線ではない」－金利の長期高止まりシナリオ
USDJPY Curncy,2023-10-27,,149.66,-0.0049202127659575,0.0021903473992342,True,-0.0049202127659575,3,short_term,グーグル、ＡＩ新興企業アンソロピックに20億ドル追加投資へ－関係者 | イラン外相、米国に対する「新たな戦線」開かれる－戦争継続に警告 | 【米国市況】Ｓ＆Ｐ500続落、７月高値からの下落率10％超－149円後半
USDJPY Curncy,2023-10-31,,151.68,0.0173038229376258,0.0043334522524667,True,0.0173038229376258,0,short_term,【イスラエル】ハマス、外国人のガザ脱出第２陣を認める方向 | 株式資本市場バンカーのボーナス、今年も期待外れに－ディール低迷で | ルノーの電気自動車ＩＰＯ、評価額70億ユーロ未満なら見送りも－報道
USDJPY Curncy,2023-12-07,,144.13,-0.0215871291833549,0.0063865333187439,True,-0.0215871291833549,0,short_term,新ＮＩＳＡで日本株需給変化か、投信フローが示す個人大転換の可能性 | 米ＭＭＦの資産残高、過去最高更新－金融政策巡り不透明感 | 円急伸、早期の日銀政策転換観測－対ドルで約１年ぶり上昇率
USDJPY Curncy,2023-12-13,,142.89,-0.017600550017188,0.0073872364320866,True,-0.017600550017188,1,short_term,アップル株、終値で最高値更新－ＦＲＢのハト派傾斜で大型テク株上昇 | 仏ビベンディ、メディア帝国の分割を検討－各部門の成長機会探る | 【ＦＯＭＣ】当局は軟着陸への準備整えている－市場関係者の見方
USDJPY Curncy,2024-01-03,,143.29,0.0091555743362208,0.0043771837709265,True,0.0091555743362208,3,short_term,ＧＭのＥＶ生産台数、目標の半分にとどまる－製造問題が足かせ | 【米国市況】ハイテク売り継続、ナスダック100が４日続落－ドル上昇 | 動画ストリーミング機器のロク、初の高性能テレビを今春発売へ
USDJPY Curncy,2024-01-10,,145.76,0.0088593576965669,0.0041409889973787,True,0.0088593576965669,0,short_term,ＮＹ連銀総裁、政策金利はインフレ目標達成には十分な高さにある | 米国債相場の上昇見込む取引、後退する方向－ＣＰＩ発表控え | モルガンＳ、新マネジングディレクター155人指名－前年下回る
USDJPY Curncy,2024-01-16,,147.19,0.0100185274137103,0.0046868661053611,True,0.0100185274137103,2,short_term,クオンツ運用ＡＱＲ、債券リターン予測引き上げ－株式見通し下方修正 | 格安航空ジェットブルーによるスピリット買収、米連邦地裁認めず | ゴールドマンやモルガンＳ首脳、投資銀行業務の復活予想－政策転換にらみ
USDJPY Curncy,2024-02-02,,148.38,0.013316943249334,0.0047207497683577,True,0.013316943249334,3,short_term,【米国市況】株は最高値、力強い雇用統計で景気楽観－一時148円58銭 | サマーズ氏が警鐘、金利は2030年まで３％を大きく上回る可能性も | シカゴ連銀総裁、１月雇用統計は労働生産性について疑問生じさせる
USDJPY Curncy,2024-02-13,,150.8,0.0097087378640778,0.0045922814628054,True,0.0097087378640778,0,short_term,バイオジェン株下落、アルツハイマー病新薬の低調な出足で | シマノ､米国で自転車部品巡り損賠訴訟－原告は集団訴訟求める (13日) | 【コラム】中国はクリーンか、世界の「脱炭素」左右－フィックリング
USDJPY Curncy,2024-03-06,,149.38,-0.0044651782739087,0.0020554113977437,True,-0.0044651782739087,3,short_term,ブレバン・ハワード旗艦ファンド、２月はマイナス３％－金利予想裏目 | ＮＹＣＢが10億ドル超の増資、ムニューシン元財務長官の企業主導 | 24年の米利下げ２回予想、１回だけの可能性も－カシュカリ総裁
USDJPY Curncy,2024-03-07,,148.05,-0.0089034676663541,0.0027752485001057,True,-0.0089034676663541,2,short_term,パウエルＦＲＢ議長、米金融システムに耐性－商業用不動産関連リスク | ポケトーク、25年中に株式上場を目指す－主幹事はみずほ証を予定 | ギャップ株上昇、利益が市場予想を上回る－業績改善へ前進の兆候
USDJPY Curncy,2024-03-08,,147.06,-0.0066869300911854,0.0030709541884189,True,-0.0066869300911854,1,short_term,サマーズ氏、ＦＲＢの中立金利判断は「見当違い」－利下げ期待に警鐘 | 【米国市況】Ｓ＆Ｐ500種は反落、買われ過ぎの兆候－ドル147円近辺 | エヌビディア株の上昇一服、昨年５月以来の大幅な下げ－利食い売りで
USDJPY Curncy,2024-03-19,,150.86,0.0114649681528662,0.0045049398280213,True,0.0114649681528662,2,short_term,金正恩氏、新型極超音速ミサイルのエンジン試験を指導－ＫＣＮＡ | トランプ氏、大統領免責特権の宣言を最高裁に要請－議会襲撃事件巡り | 家事労働、米ＣＰＩ算出に使う調査情報に反映へ－80％超は女性が担う
USDJPY Curncy,2024-04-10,,153.16,0.0092250922509224,0.0023163053050894,True,0.0092250922509224,1,short_term,日米首脳、風力発電の取り組み強化表明－日本はＬＮＧ供給巡り懸念 | バイデン米大統領、年内利下げの予想維持を表明－根強いインフレでも | 日米のＡＩ共同研究、アマゾンやエヌビディアなど出資へ－首脳ら歓迎
USDJPY Curncy,2024-04-15,,154.28,0.007839038411288,0.0028199082398094,True,0.007839038411288,1,short_term,コニカミノルタと富士フイルム、業務提携に向け協議開始 (15日) | ヘッジファンドのエレメント、顧客に6200億円返還へ－成績向上目指す | イスラエル、イランへの対抗措置を再度表明－米欧は自制促す
USDJPY Curncy,2024-04-26,,158.33,0.0172181175714745,0.0044969581652399,True,0.0172181175714745,1,short_term,今年初の米銀破綻、リパブリック・ファースト銀をＦＤＩＣが閉鎖 | アルファベット、時価総額２兆ドルクラブ入り－ＡＩ成長期待 | 【米国市況】円が大幅安、158円台前半－物価指標受け株高・国債安
USDJPY Curncy,2024-05-01,,154.57,-0.020468948035488,0.0072363426340965,True,-0.020468948035488,4,short_term,【ＦＯＭＣ】予想していたほどタカ派的でなかった－市場関係者の見方 | アステラ薬、米ポセイダとライセンス契約－細胞プログラムで共同研究 | 米ＦＲＢ、６月からバランスシート圧縮のペースを減速－市場に配慮
USDJPY Curncy,2024-06-03,,156.08,-0.0073141258029636,0.0036090882120184,True,-0.0073141258029636,1,short_term,利回り比較で魅力失う日本株、配当と長期金利差は10年ぶりの低水準に | アップル株価、年初来でプラス圏入り－弱気派の大きな懸念後退 | ＬＭＥ銅、３週間ぶり安値から反発－中国製造業の民間指標を好感
USDJPY Curncy,2024-06-04,,154.88,-0.0076883649410559,0.003323568287838,True,-0.0076883649410559,0,short_term,インテル、アイルランド合弁持ち分49％をアポロに売却へ－1.7兆円で | ウォール街の人材競争し烈、福利厚生に照準－シティも育児休暇を拡充 | 政策保有株売却で潤う損保株、約５兆円計上期待と日銀思惑で上げ加速
USDJPY Curncy,2024-06-05,,156.11,0.0079416322314049,0.0037061335017206,True,0.0079416322314049,0,short_term,エヌビディア、時価総額３兆ドル超え－アップル抜く | ヘッジファンド手数料開示規則、米連邦高裁が無効判断－ＳＥＣに打撃 | ＬＭＥ銅が続落－中国の需要懸念で工業用金属相場に新たな圧力
USDJPY Curncy,2024-06-26,,160.81,0.006950532247965,0.0026663453340843,True,0.006950532247965,0,short_term,北京市も住宅購入要件緩和－中国の不動産セクター支援策拡大 | アマゾン、初の時価総額２兆ドル超え－ＡＩ巡る楽観論が追い風 | 「Temu」親会社ＡＤＲが下落、アマゾンが類似サービス計画との報道
USDJPY Curncy,2024-07-11,,158.84,-0.017626321974148,0.0046496405938373,True,-0.017626321974148,2,short_term,エーザイ、レカネマブがイスラエルで新薬承認取得 | 再選目指すバイデン米大統領にまた打撃－側近・顧問が撤退説得方法を協議か | 【米国市況】円急伸、米ＣＰＩでＦＲＢ利下げ観測強まる－介入報道も
USDJPY Curncy,2024-07-17,,156.2,-0.0135775181559836,0.005399341952099,True,-0.0135775181559836,0,short_term,モルガン・スタンレー、80億ドル規模の起債実施－投資家から強い需要 | バイデン氏、家賃制限や最高裁改革で歩み寄り－進歩派の支持拡大狙う | ＬＭＥ銅、２週間ぶり安値－中国の需給巡る不透明感で
USDJPY Curncy,2024-07-31,,149.98,-0.0182627479217125,0.0062494373289863,True,-0.0182627479217125,3,short_term,銀行株が１年７カ月ぶり大幅高、日銀利上げで利ざや改善に期待 | 豪コアインフレ率、４－６月は予想外に鈍化－利下げ観測強まる | エアバス、不振の宇宙事業全面見直しへ－上期に約10億ユーロ費用計上
USDJPY Curncy,2024-08-02,,146.53,-0.0189475093733262,0.0071396506065724,True,-0.0189475093733262,1,short_term,パリ五輪は夏のダボス会議、ウォール街幹部がスポーツの名の下に結集 | 【米国市況】円が146円台に上昇、弱い雇用統計で株急落－金利低下 | アックマン氏のパーシング､７月成績マイナス-年初来リターンほぼ消失
USDJPY Curncy,2024-08-05,,144.18,-0.0163733115022514,0.0075002086422381,True,-0.0163733115022514,0,short_term,突然の株大暴落、個人投資家が損切り危機直面－ＮＩＳＡにも試練 | バングラデシュ、大統領と軍がデモ沈静化図る－前首相は国外脱出 | ビットコインとイーサが急落、世界的なリスク回避の流れで
USDJPY Curncy,2024-09-17,,142.41,0.0127293414876972,0.0060429746373712,True,0.0127293414876972,0,short_term,トランプ氏、ＳＡＬＴ控除復活を公約－高税率ＮＹ州での集会前日に | ９月の米利下げ、市場の予想は50ｂｐに傾く－小売売上高発表後も | 北朝鮮、弾道ミサイルの可能性あるもの発射－既に落下
USDJPY Curncy,2024-09-27,,142.21,-0.0179545611490918,0.0065576410515576,True,-0.0179545611490918,1,short_term,エヌビディア製ＡＩ半導体買わないで、中国が国内企業に指示－関係者 | 【米国市況】株は小幅安、円は上げ幅を拡大し対ドル142円に接近 | 「水晶玉ゲーム」が証明、未来を事前に知ってもお金持ちにはなれない
USDJPY Curncy,2024-10-02,,146.47,0.0201992059622484,0.007857634167779,True,0.0201992059622484,4,short_term,バフェット氏、ＢｏｆＡ株３億3800万ドル相当売却－処分ペース鈍化 | ハリケーン「ヘリーン」の保険損失額、64億ドルに－米社が試算 | トヨタ、北米初のＥＶ現地生産開始を延期－26年にずれ込む見通し
USDJPY Curncy,2024-10-23,,152.76,0.0111199364575058,0.0049470064876026,True,0.0111199364575058,0,short_term,ＩＢＭ株下落、コンサルティング需要鈍化－売上高伸び悩む | トランプ氏のヒトラー称賛疑惑、ハリス氏が痛烈批判－選挙終盤で攻勢 | 米マクドナルド、集団食中毒の影響拡大阻止で対応急ぐ－当局と連携
USDJPY Curncy,2024-11-06,,154.63,0.0198522622345336,0.0065826790368986,True,0.0198522622345336,0,short_term,米鉄鋼株の人気復活、トランプ氏返り咲きで業界先行きに楽観論 | トランプ氏勝利、衝撃のホワイトハウス返り咲き－ハリス氏敗北認める | ＭＳＣＩ､ＡＣＷＩ指数にフジクラなど22銘柄追加－57銘柄を除外
USDJPY Curncy,2024-11-27,,151.09,-0.0129997386987197,0.00559417203693,True,-0.0129997386987197,0,short_term,ウクライナは徴兵年齢引き下げを、勝利には軍隊も必要－米政府高官 | ビットコインが上昇再開、10万ドルの大台乗せへの楽観論再燃 | 米ＳＥＣ次期委員長、アトキンス氏が有力－移行チームが面接と関係者
USDJPY Curncy,2024-12-19,,157.44,0.0170542635658914,0.0049978269304859,True,0.0170542635658914,0,short_term,為替変動、25年の「アキレス腱」になる恐れ－ＫＫＲが投資家に警告 | フェデックス、300億ドル規模のフレイト部門分離へ－合理化を推進 | ＵＳスチール、軟調な利益見通し示す－米鉄鋼価格低迷や欧州需要不振
USDJPY Curncy,2025-01-15,,156.47,-0.0094327677893137,0.0029739116684825,True,-0.0094327677893137,1,short_term,タイ、専門家や富裕層のビザ規定緩和－国内資産・対内投資要件を重視 | 対ベネズエラ制裁のシェブロン適用外、ルビオ米上院議員が見直し提言 | ビットコインが10万ドルを一時回復、米ＣＰＩ発表後にリスク資産買い
USDJPY Curncy,2025-01-16,,155.16,-0.0083722119256087,0.0034592721119164,True,-0.0083722119256087,0,short_term,リオティントとグレンコア、統合の可能性を協議－関係者 | 米TikTok禁止法の施行先送りか、トランプ氏が延長確約－日程の理由も | ベッセント氏、ＦＯＭＣの独立性維持すべきだ－減税延長の必要性強調
USDJPY Curncy,2025-02-05,,152.61,-0.011209019048853,0.0047646526034642,True,-0.011209019048853,4,short_term,債券上昇、ＩＳＭ非製造業受け米長期金利が低下－30年入札は無難予想 | ボウマンＦＲＢ理事、米国債市場の流動性改善で当局は規制改正可能 | DeepSeekはむしろメリット、日本のテック株に楽観論－ＡＩ普及期待
USDJPY Curncy,2025-02-12,,154.42,0.0126565676437797,0.0055063445177777,True,0.0126565676437797,0,short_term,米レディット株急落、１日当たりユーザー数が市場予想に届かず | 米下院共和党指導部が予算決議案を公表－減税と債務上限引き上げへ | 「配当ファクター」が日本株市場で存在感、関税懸念の逃避マネー吸収
USDJPY Curncy,2025-02-20,,149.64,-0.0120816003168945,0.0058549909245866,True,-0.0120816003168945,3,short_term,シティが多様性目標を廃止、トランプ政権の圧力で「ＤＥＩ」名称変更 | 出遅れる日本株、年初は世界で９年ぶり大敗－日銀利上げ観測がくびき | クーグラーＦＲＢ理事、２％のインフレ目標にはまだ「多少の道のり」
USDJPY Curncy,2025-03-24,,150.7,0.0089716122121048,0.0038168707097283,True,0.0089716122121048,0,short_term,ＥＣＢエスクリバ氏、上振れより下振れリスク意識－警戒呼び掛け | ＬＭＥ銅上昇、トランプ相互関税巡る懸念和らぐ－ＮＹ銅は上げ消す | 米ロ高官、ウクライナ和平巡り12時間協議－25日に声明発表とタス通信
USDJPY Curncy,2025-04-03,,146.06,-0.0215702036441586,0.0060799598614532,True,-0.0215702036441586,0,short_term,実質消費支出は３カ月ぶりマイナス、食料や住居が減少－２月 | ドル指数下落、トランプ氏当選後の上昇消す－今年10％下げの予想も | 日本株は大幅続落へ、米国株急落や為替の円高を嫌気－内外需広く売り
USDJPY Curncy,2025-04-07,,147.84,0.0160126451790256,0.0075691440736611,True,0.0160126451790256,0,short_term,日米首脳が電話会談、関税協議開始へ－日本は優先的対応と米財務長官 | トランプ米政権、輸出業者向け税優遇措置を検討－報復関税への対応で | ＮＹ銅が弱気相場入り、米相互関税の一部発動で景気後退懸念強まる
USDJPY Curncy,2025-04-10,,144.45,-0.0224011911207363,0.0095431093819851,True,-0.0224011911207363,2,short_term,金価格が最高値、世界経済に対する関税の影響を懸念－安全資産に逃避 | 円は一時143円台後半、米中貿易戦争警戒でドル売り－昨年10月来高値 | ＬＭＥ銅反発も上げ縮小、米中貿易戦争激化で－アルミやスズも高い
USDJPY Curncy,2025-05-01,,145.39,0.0162158384007828,0.0069970114259452,True,0.0162158384007828,0,short_term,中国のＡＩ開発競争、一段と加速－小米が独自モデル「MiMo」発表 | ＬＭＥ銅上昇、米通商交渉の進展に期待－月間では22年以来の大幅安 | 虹彩で本人確認、全米で本格始動－アルトマン氏らのスタートアップ
USDJPY Curncy,2025-07-03,,144.93,0.0088403174161215,0.00404016692028,True,0.0088403174161215,0,short_term,オリックス、米ヒルコ・トレーディングを子会社化へ－約1124億円で | アルケゴス元社員、3300万ドルの補償金受け取る権利－米連邦地裁 | 物言う株主スターボード、トリップアドバイザー株９％取得－株価急伸
USDJPY Curncy,2025-07-07,,146.05,0.0110065069915548,0.0045999155882797,True,0.0110065069915548,1,short_term,債券上昇へ、米関税通知でリスクオフの買い－５年債入札順調との見方 | 日本株は続落へ、米国が日本に25％関税賦課で輸出軟調－円安は下支え | 円は対ドルで大幅安、対日関税通告で売り加速－海外で一時146円台
USDJPY Curncy,2025-08-01,,147.4,-0.0222222222222221,0.0068714325893498,True,-0.0222222222222221,3,short_term,猛暑で試される人類の限界、気候変動がもたらす命の危機－QuickTake | 京都離れの日本人、金閣寺・清水寺でも集客減少－奈良が人気集める | 【米国市況】円２％超上げて147円台、株は大幅安－雇用統計で大荒れ
USDJPY Curncy,2025-08-21,,148.37,0.0070589832349148,0.0029619001832746,True,0.0070589832349148,0,short_term,米住宅市場に異変、７月解約率が過去最悪の水準－割高感や経済不安で | 日本がケニアに最大250億円融資で合意、当初のケニア案より規模縮小 | シカゴ連銀総裁、サービスインフレの「危険な」データは一時的と期待
USDJPY Curncy,2025-08-22,,146.94,-0.0096380669946755,0.0037087018484734,True,-0.0096380669946755,2,short_term,米政府、インテルの株式約10％取得で合意－補助金活用し異例の措置 | 見知らぬ人と暮らす、強まるコミュニティー意識－共同生活の難しさも | 米銀株が最高値更新、22年以来－著名アナリスト「３つの追い風」指摘
USGG10YR Index,2022-01-26,,1.86374712,0.053600286038377,0.0232602313563965,True,0.053600286038377,0,short_term,ＥＣＢ、欧州銀のロシアリスク評価に動くと関係者－ウクライナ危機で | パウエルＦＲＢ議長、米雇用情勢は最大限の雇用と合致－記者会見 | クレジットリスクの指標、20年11月以来の高水準－パウエル議長発言後
USGG10YR Index,2022-02-10,,2.029351711,0.0452335122681359,0.0217312551813112,True,0.0452335122681359,0,short_term,ペルー中銀、政策金利を3.5％に引き上げ－インフレ率なお高水準 | 米上院が「＃ＭｅＴｏｏ」法案可決、大統領に送付－被害者支援で前進 | ウーバー大幅安、投資家向けイベント不調－「上振れなく失望」との声
USGG10YR Index,2022-02-28,,1.825011492,-0.0696632604979529,0.0261445899905447,True,-0.0696632604979529,1,short_term,シェルがサハリン２撤退、対ロ制裁で合弁解消－三井と三菱も参画 | 英ＢＰ、ロシアのロスネフチへの持ち株売り戻し検討－関係者 | 制裁の影響拡大、ＧＭとハーレーが対ロ輸出停止－ロシアは対抗措置
USGG10YR Index,2022-03-02,,1.876688957,0.0863533432107843,0.0333419047713526,True,0.0863533432107843,0,short_term,野村ＨＤ、ＥＳＧとインフラの取り組み強化で新グループ設置 | スノーフレイク株急落、売り上げ鈍化見通しで－事業買収も発表 | ＭＳＣＩ、ロシア指数を新興市場から除外へ－スタンドアローン市場に
USGG10YR Index,2022-04-05,,2.546895742,0.0633613745941701,0.0278563467269713,True,0.0633613745941701,6,long_term,ＢｏｆＡが全ての米従業員をオフィス復帰へ、６月１日までに－関係者 | ＥＶメーカーのリビアン、１～３月に2553台生産－供給網混乱でも | ロシア債取引で収入2.5億ドル、ＪＰモルガンなど米英３行－ＩＦＲ
USGG10YR Index,2022-04-14,,2.827455997,0.0477008633591138,0.0222351816470183,True,0.0477008633591138,5,long_term,中国の習指導部、コロナよりも人々の怒りの拡散回避が大きな課題に | 中国人民銀、預金準備率引き下げ含む政策手段を活用すると表明 | マスク氏、ツイッターに買収提案－全株取得・非公開化目指す
USGG10YR Index,2022-06-10,,3.155502081,0.0373677449951135,0.0186560231588688,True,0.0373677449951135,4,short_term,【米国市況】株急落、積極利上げ警戒で短期債売り－ドル134円台前半 | テスラ、１対３の株式分割で株主に承認求める－委任状説明書 | 米レブロン株急落、53％安で過去最安値－破産法適用申請準備との報道
USGG10YR Index,2022-06-13,,3.359823704,0.0647509073849983,0.020084727245944,True,0.0647509073849983,1,short_term,米中高官、台湾情勢など安全保障を協議－サリバン大統領補佐官と楊氏 | マイクロストラテジー株急落、ビットコイン関連損失10億ドルに接近 | オラクル株急伸、３－５月売上高と利益が市場予想上回る
USGG10YR Index,2022-06-15,,3.283878565,-0.054534752296555,0.0252920433425236,True,-0.054534752296555,1,short_term,米株式相場は下げ一服、異例の大幅利上げ「普通」にならずと議長発言 | ブラジル中銀、政策金利0.5ポイント引き上げ－追加利上げ示唆 | 香港が今年３度目の基準金利引き上げ、２％に－米利上げに追随
USGG10YR Index,2022-07-06,,2.928008795,0.0437022122612076,0.0209661038921077,True,0.0437022122612076,4,short_term,米国債利回り急上昇、ＦＯＭＣ議事要旨で物価高との対決姿勢浮き彫り | ウォール街の議論は忘れよう、肌感覚では既にリセッション | アップルが極限スポーツウオッチ計画、大画面と頑丈な金属ケース採用
USGG10YR Index,2022-07-21,,2.874718904,-0.0501601995213617,0.021121730518503,True,-0.0501601995213617,3,short_term,ＥＣＢ、「３度目の正直」なるか－困難下で利上げも判断ミスのリスク | 濃厚接触者家族の自宅待機を５日に短縮、政府が調整－報道 | シーゲイト株が急落、「経済状況」理由に低調な業績見通し示す
USGG10YR Index,2022-08-02,,2.748280048,0.068035563649877,0.0258205492025534,True,0.068035563649877,0,short_term,ＪＰモルガン、ウォール街株取引トップに返り咲き－ゴールドマン抜く | ペイパル株、時間外取引で急伸－エリオットによる投資やコスト節減で | 米国債利回りは急上昇、地区連銀総裁の発言で方針転換の観測後退
USGG10YR Index,2022-09-06,,3.349249601,0.0501330851054313,0.0173792071791377,True,0.0501330851054313,0,short_term,米天然ガス先物が大幅下落、生産増と需要抑制の見通しで | 円の対ドル年初来下落率が年間の過去最大超える | 米ベッド・バス、暫定ＣＦＯ指名－前任者死去後初の取引で株価急落
USGG10YR Index,2022-09-22,,3.71383667,0.0521128497100349,0.0180824984089951,True,0.0521128497100349,0,short_term,【米国市況】利回り急上昇、利上げラッシュで株続落－ドル142円前半 | 歴史的な円買い介入､インパクト短命に-世界の金融政策地図は不変 | 岸田首相、ＮＩＳＡ恒久化は必須と表明－ＮＹＳＥで講演
USGG10YR Index,2022-09-26,,3.92441988,0.065079196836379,0.0203696248077715,True,0.065079196836379,1,short_term,英経済対策「思慮に欠け甘い」とオニール氏－利上げ加速で住宅直撃も | 【ウクライナ】スノーデン容疑者にロシア国籍、大統領令で付与 | ＦＲＢの貿易加重ドル指数、過去最高値更新－コロナ禍の下げを消す
USGG10YR Index,2022-09-28,,3.731176615,-0.0542225299769764,0.0235022498169086,True,-0.0542225299769764,0,short_term,バイデン米政権、英国発の市場混乱に懸念強めＩＭＦ通じ圧力－関係者 | ネットフリックス株、１月以来の大幅高－英証券が投資判断引き上げ | ジェフリーズ、６－８月期は大幅減益－ディールや資本市場活動が低迷
USGG10YR Index,2022-10-25,,4.102079868,-0.0330652538673943,0.0141424668816822,True,-0.0330652538673943,2,short_term,マイクロソフト、７－９月増収率は５年ぶり低水準－ドル高が重し | ビットコインが２万ドル台回復、レンジ相場から脱却 | スポティファイ株下落、利益率縮小の可能性で－米国で値上げ検討
USGG10YR Index,2022-11-10,,3.812506199,-0.0683780530990882,0.0205896005761242,True,-0.0683780530990882,3,short_term,ウォール街は米インフレ統計を歓迎－当局と市場に「若干の安心感」 | 米財務省、為替操作国の認定を見送り－日本の介入には寛容性示唆 | ＦＴＸデジタル・マーケッツの資産を凍結－バハマの証券規制当局
USGG10YR Index,2022-11-30,,3.605422497,-0.0370405605896616,0.0143400981141365,True,-0.0370405605896616,4,short_term,全産業設備投資9.8％増、６期連続プラス－７～９月法人統計 | オアシスがフジテックに臨時総会を要求、社外取締役の総入れ替え提案 | ガバナンス低評価企業に軍配、自社株買い発表後の株価上昇率 (訂正)
USGG10YR Index,2022-12-07,,3.416880608,-0.0324289486845145,0.0158453387170615,True,-0.0324289486845145,0,short_term,ＬＭＥ買収にライバルが関心、３月のニッケル危機受け－関係者 | コインベースＣＥＯ、22年売上高は前年比半分以下に落ち込む見通し | ブラジル中銀、政策金利13.75％に据え置き－財政政策に不透明感
USGG10YR Index,2023-01-03,,3.738916874,-0.0350658023723815,0.0153047653995708,True,-0.0350658023723815,1,short_term,中国財政相、財政支出を適切に拡大する方針あらためて表明 | アップル下落、時価総額が２兆ドル割り込む－iPhone供給など巡り懸念 | ＦＲＢなど米規制当局、暗号資産関連リスクを銀行に警告－共同声明
USGG10YR Index,2023-01-06,,3.558017015,-0.0430616350816953,0.0187561483021362,True,-0.0430616350816953,3,short_term,【米国市況】株は11月以来の大幅高、賃金の伸び鈍化－ドル132円付近 | 米下院議長選、マッカーシー氏が過半数獲得に自信－休会後14回目投票 | ＥＣＢレーン氏、エネルギーコスト低下でもインフレ消えない
USGG10YR Index,2023-01-18,,3.369810343,-0.0501090988690249,0.0203546517972185,True,-0.0501090988690249,0,short_term,アルコア株が下落、今年のアルミ出荷見通しが市場予想下回る | 19日の日本市場、揺り戻し相場か－長期金利0.4％台、円買い、株反落 | 岸田首相が子育て支援「最重要政策」に、施政方針原案が判明－報道
USGG10YR Index,2023-02-03,,3.524627447,0.0388829190298933,0.018282236918407,True,0.0388829190298933,4,short_term,【米国市況】株下落、雇用統計が予想以上に堅調－ドル131円台に急伸 | 中国不動産の危機「未解決」、ＩＭＦが報告で指摘－中国側は反論 | ＳＦ連銀総裁、12月ドットプロットなお有益－「すごい」雇用統計後も
USGG10YR Index,2023-02-21,,3.952543259,0.0361108923680608,0.0156096674341716,True,0.0361108923680608,0,short_term,中国の習近平主席が４月にも訪ロ準備、ウクライナ和平仲介か－報道 | 植田日銀、経済順調なら夏場にも正常化へ一歩－桜井元審議委員 | 米、ウクライナにボーイング製長距離ＧＰＳ誘導爆弾を供与へ－関係者
USGG10YR Index,2023-03-10,,3.698710918,-0.0524011450656788,0.0182598303282832,True,-0.0524011450656788,3,short_term,ＳＶＢが破綻、米当局の管理下に－過去10年余りで最大の米銀破綻 | 【米国市況】株が続落、ＳＶＢ破綻でリスク回避－ドル134円台後半 | シュワブが連日急落、ＳＶＢ余波の銀行株安がブロック取引のみ込む
USGG10YR Index,2023-03-15,,3.454786301,-0.0635464956841725,0.0235380763220808,True,-0.0635464956841725,0,short_term,北朝鮮から発射の弾道ミサイル、ＩＣＢＭ級と防衛省－報道 | 中国、習主席３選巡る国民の見方に神経とがらす－皮肉も検閲対象に | 相次ぐ大手の賃上げ、中小への波及狙う－「最低賃金1000円」と首相
USGG10YR Index,2023-05-01,,3.568121195,0.0426940797713379,0.0180446706229984,True,0.0426940797713379,0,short_term,ホワイトハウス、ジェファーソンＦＲＢ理事の副議長昇格検討－関係者 | 岸田首相、７－８日の訪韓で調整中と表明 | 【米国市況】米国債が大幅安、企業の起債が影響－ドル137円台半ば
USGG10YR Index,2023-05-30,,3.686566591,-0.0294240066227782,0.0127566594923497,True,-0.0294240066227782,2,short_term,ＳＶＢ破綻前の預金引き出し、ＰＥ投資会社をＳＥＣが調査－関係者 | 北朝鮮が「宇宙発射体」と称する飛翔体発射－既に落下したもよう | 【コラム】キャシー・ウッド氏は次の強気相場の見極め困難か－レン
USGG10YR Index,2023-06-02,,3.690725088,0.0266283657343513,0.0132250576781855,True,0.0266283657343513,2,short_term,米財務省、特別措置の90％余り使い切り－現金残高は2015年の水準並み | 【米国市況】株続伸、Ｓ＆Ｐ500種は強気相場に近づく－ドル140円付近 | 自分そっくりのＡＩクローンが言う、「あなたの仕事は奪いません」
USGG10YR Index,2023-06-07,,3.795245409,0.0369092465422715,0.0145889360309474,True,0.0369092465422715,0,short_term,かすむＮＹの空、カナダ山火事の煙が流入－市民のマスク着用復活 | レイ・ダリオ氏、米国は「ビッグサイクルの債務危機」の始まりに | ゲームストップ株急落、ＣＥＯ解任－２～４月売上高は市場予想下回る
USGG10YR Index,2023-06-29,,3.838304043,0.0352016482669172,0.0132150417929311,True,0.0352016482669172,0,short_term,ナイキ株が時間外で下落、通期見通しが市場の好評価得られず | 米当局、商業不動産のストレス抱える借り手支援を金融機関に要請 | 英中銀テンレイロ氏、金利高で十分な効果－物価上昇定着の兆しでも
USGG10YR Index,2023-07-27,,3.998188972,0.0339833063459722,0.0149543270762382,True,0.0339833063459722,0,short_term,中国当局、不動産セクター支援強化を要請－金融監督当局や銀行に圧力 | カナコード、米資本市場部門で25人程度削減－ディール鈍化で収入打撃 | 日銀巡る観測に揺れる米市場、ＹＣＣ修正議論との報道で株・債券下落
USGG10YR Index,2023-08-04,,4.033800125,-0.0338456428168897,0.0151793414083732,True,-0.0338456428168897,2,short_term,ＮＹ市ユニオンスクエアに数千人集結で混乱－賞品提供イベントか | 米、ニジェール政府に寄与する一部対外援助プログラムを停止 | 動かぬビットコイン、上期高騰の熱狂続かず－直近はレンジ取引に終始
USGG10YR Index,2023-08-23,,4.191847801,-0.0305814907362226,0.0143313448434883,True,-0.0305814907362226,0,short_term,日経平均が戻りの分水嶺に接近、上回らなければ急落リスク－チャート | エヌビディア株急伸、好調な売上高見通しで旺盛なＡＩ需要示唆 | エスマーク、ＵＳスチール買収を断念－全米鉄鋼労組の支持なし
USGG10YR Index,2023-09-21,,4.494152069,0.0197752601702718,0.0080617872034747,True,0.0197752601702718,0,short_term,ドル・円は147円台半ば、日銀結果控え円買い－植田総裁の姿勢見極め | ヘッジファンド運用者ジャンペル氏、化石燃料株の空売り停止 | 幅広い資産クラスの売りが広がる－トレーダーがＦＲＢの現実に順応
USGG10YR Index,2023-09-25,,4.533400536,0.0224861934794324,0.0092244706894982,True,0.0224861934794324,2,short_term,フォード、ミシガン州のバッテリー工場建設休止－中国巡る論争の的 | ゴールドマンのＣＥＯ、化石燃料企業との関係解消求める声を一蹴 | ヘッジファンドが米株式のレバレッジ縮小、20年の相場急落以来最速
USGG10YR Index,2023-10-02,,4.678526878,0.0234982767282301,0.0105521024731639,True,0.0234982767282301,1,short_term,米金融当局は年内に追加利上げへ－カーニー前英中銀総裁 | 中国の観光収入、倍以上に増える－大型連休最初の３日間 | 米スフィア株急伸、Ｕ２のショーでラスベガスの会場施設オープン
USGG10YR Index,2023-10-03,,4.79547739,0.0249972940307214,0.0110995575698352,True,0.0249972940307214,0,short_term,円が一転急伸、一時は昨年10月以来の150円台－介入観測も | イタリア・ベネチア近郊でバス転落事故、少なくとも21人死亡 | イエレン氏「決して既定路線ではない」－金利の長期高止まりシナリオ
USGG10YR Index,2023-10-10,,4.6529603,-0.0308118128639396,0.0142014302138976,True,-0.0308118128639396,1,short_term,脱炭素供給網多様化へＲＩＳＥ発足、中国依存から脱却－あすＧ７開催 | カシュカリ総裁、追加利上げ不要か「まだ分からない」－利回り上昇で | ＵＢＳ、主要な地方債投資銀行業務から撤退へ－人員削減を計画か
USGG10YR Index,2023-11-01,,4.734082699,-0.0398767594600787,0.016953772407966,True,-0.0398767594600787,4,short_term,【ＦＯＭＣ】全会合がライブになる可能性も－市場関係者の見方 | ウエスタンデジタルをジャンク級に下げ、分割方針受け－ムーディーズ | トヨタが米組立ライン時給引き上げへ、ＵＡＷとビッグ３合意受け
USGG10YR Index,2023-11-14,,4.4472785,-0.0415177380268582,0.0173866253505435,True,-0.0415177380268582,0,short_term,マスク氏のスペースＸ、17日にも「スターシップ」の打ち上げ再開か | エヌビディア株が最高値更新、過去最長の10連騰－ＡＩ向け製品改良 | 米司法省、航空機の未認証部品巡る調査に加わる－関係者
USGG10YR Index,2023-12-01,,4.195559025,-0.0302349332326838,0.014962642231616,True,-0.0302349332326838,2,short_term,【米国市況】株と国債上昇、パウエル氏発言後も利下げ観測－146円台 | アマゾン、競合のスペースＸと契約－「ファルコン９」で衛星打ち上げ | Ｘが中小企業向け広告ビジネス模索、大手の掲載停止で対策急ぐ－報道
USGG10YR Index,2023-12-13,,4.016413689,-0.0438456993958766,0.0162939735244823,True,-0.0438456993958766,4,short_term,アップル株、終値で最高値更新－ＦＲＢのハト派傾斜で大型テク株上昇 | 仏ビベンディ、メディア帝国の分割を検討－各部門の成長機会探る | 【ＦＯＭＣ】当局は軟着陸への準備整えている－市場関係者の見方
USGG10YR Index,2024-01-16,,4.058089733,0.0302443104223044,0.0103410870531058,True,0.0302443104223044,2,short_term,クオンツ運用ＡＱＲ、債券リターン予測引き上げ－株式見通し下方修正 | 格安航空ジェットブルーによるスピリット買収、米連邦地裁認めず | ゴールドマンやモルガンＳ首脳、投資銀行業務の復活予想－政策転換にらみ
USGG10YR Index,2024-01-31,,3.912365437,-0.029636743992114,0.0121483234264437,True,-0.029636743992114,1,short_term,大和証Ｇ、10－12月純利益は86％増の285億円－リテールがけん引 | 元ドイツ銀幹部、最大1200億円調達目指す－アジアのファンド２本向け | 警戒すべきはリモートワーカーと中間管理職か－相次ぐレイオフ次の波
USGG10YR Index,2024-02-02,,4.019882679,0.0359886103335311,0.0146952884810104,True,0.0359886103335311,3,short_term,【米国市況】株は最高値、力強い雇用統計で景気楽観－一時148円58銭 | サマーズ氏が警鐘、金利は2030年まで３％を大きく上回る可能性も | シカゴ連銀総裁、１月雇用統計は労働生産性について疑問生じさせる
USGG10YR Index,2024-02-05,,4.157878876,0.034328414040762,0.015142869410567,True,0.034328414040762,0,short_term,ビル・グロース氏、長短逆転縮小に賭ける－デリバティブ取引明かす | ハイテク業界のレイオフ続く、今年は既に3.2万人が職失う | ＲＴＸを米ＳＥＣが調査－航空機エンジン不具合で関連資料の提出要求
USGG10YR Index,2024-03-14,,4.290272713,0.0239654480876132,0.0096019568105277,True,0.0239654480876132,4,short_term,ＮＹＣＢ、消費者ローンとコープローン債権を売却－直接償却後に利益 | 米ＭＭＦ資産残高、３週連続で過去最高更新－ＩＣＩ | 日銀の引き締め転換、銀行株上昇の終焉示唆－17年前も材料出尽くしに
USGG10YR Index,2024-04-01,,4.30918932,0.0259194652795071,0.0099145276569433,True,0.0259194652795071,1,short_term,ブリッジウォーター、顧客の不満に応えられるか－事業好転の試金石に | マイクロソフト出資のルーブリック、米でＩＰＯ申請－損失も開示 | 司令官ら殺害されたとイラン－イスラエルによるシリアでの空爆で
USGG10YR Index,2024-04-05,,4.401591301,0.0213980245967688,0.009888672582778,True,0.0213980245967688,3,short_term,【米国市況】株反発、強い雇用統計で景気楽観論強まる－151円60銭台 | 原油価格は高値水準が続く可能性、地政学リスク高まる－ピムコ | ウォール街の新入社員、年収3520万円－ロンドンとの差が一段と広がる
USGG10YR Index,2024-04-10,,4.543535233,0.0417044341015382,0.0135927220636752,True,0.0417044341015382,1,short_term,日米首脳、風力発電の取り組み強化表明－日本はＬＮＧ供給巡り懸念 | バイデン米大統領、年内利下げの予想維持を表明－根強いインフレでも | 日米のＡＩ共同研究、アマゾンやエヌビディアなど出資へ－首脳ら歓迎
USGG10YR Index,2024-05-15,,4.340009212,-0.022391216453667,0.0088436543712156,True,-0.022391216453667,0,short_term,パラマウント、アマゾンとメディア事業の提携拡大巡り協議－関係者 | 日銀利上げは0.5％止まり、国債買い入れ減額を優先－米アライアンス | ブラックストーン、4.5億ドル相当のローン債権売却目指す－値引きで
USGG10YR Index,2024-05-28,,4.549950123,0.019036631316937,0.0090620497981378,True,0.019036631316937,1,short_term,中国の習主席、若年層の雇用創出へ資源投入増やすと明言－新華社 | 対ユーロで近づく円最安値、マキタなど欧州関連銘柄には追い風も | アメリカン航空グループ、利益見通し下方修正－最高商務責任者退社へ
USGG10YR Index,2024-06-03,,4.388402462,-0.024483762610805,0.0111643904732579,True,-0.024483762610805,2,short_term,利回り比較で魅力失う日本株、配当と長期金利差は10年ぶりの低水準に | アップル株価、年初来でプラス圏入り－弱気派の大きな懸念後退 | ＬＭＥ銅、３週間ぶり安値から反発－中国製造業の民間指標を好感
USGG10YR Index,2024-06-07,,4.433507919,0.0341636126473279,0.013006970175874,True,0.0341636126473279,3,short_term,ＫＫＲとクラウドストライク、ゴーダディをＳ＆Ｐ500種に採用 | デンマーク首相、突然殴られる－襲撃犯は既に逮捕されたと首相府 | ＦＯＭＣ内の中立金利を巡る議論が再び活発化へ、米雇用者の大幅増で
USGG10YR Index,2024-06-28,,4.396079063,0.0255804235264844,0.0116763165348844,True,0.0255804235264844,3,short_term,大手米銀が増配を発表、ＦＲＢストレステスト合格で株主還元 | アップル、中国でのiPhone 出荷台数が伸び鈍化－５月は40％増に | 【米国市況】株反落、大統領選の行方も意識－円は160円台後半
USGG10YR Index,2024-07-31,,4.029609,-0.026533051201841,0.0093007711979976,True,-0.026533051201841,5,long_term,銀行株が１年７カ月ぶり大幅高、日銀利上げで利ざや改善に期待 | 豪コアインフレ率、４－６月は予想外に鈍化－利下げ観測強まる | エアバス、不振の宇宙事業全面見直しへ－上期に約10億ユーロ費用計上
USGG10YR Index,2024-08-02,,3.79037,-0.0466888245864881,0.013737038832285,True,-0.0466888245864881,3,short_term,パリ五輪は夏のダボス会議、ウォール街幹部がスポーツの名の下に結集 | 【米国市況】円が146円台に上昇、弱い雇用統計で株急落－金利低下 | アックマン氏のパーシング､７月成績マイナス-年初来リターンほぼ消失
USGG10YR Index,2024-09-04,,3.755230427,-0.0197751701437721,0.0091030839971638,True,-0.0197751701437721,6,long_term,トランプ減税案、ほぼ全ての連邦政府機関の予算上回るコストに | ＨＰＥ、利益率は予想下回る－ＡＩサーバー事業の構成比上昇 | ＬＭＥ銅が６日ぶり反発、9000ドル近辺を推移－他の非鉄金属は下落
USGG10YR Index,2024-09-25,,3.784869432,0.0152448919787462,0.0075191774010024,True,0.0152448919787462,1,short_term,米国、3.75億ドルのウクライナ武器支援発表－ゼレンスキー氏訪米時 | 米議会が暫定予算案可決、大統領に送付－政府機関閉鎖を回避へ | 混戦の自民総裁選、金融正常化目指す日銀に試練も－トレーダーガイド
USGG10YR Index,2024-10-04,,3.967201233,0.0315737044895676,0.0108397837282967,True,0.0315737044895676,3,short_term,「本塁打」級の米雇用統計、ＦＲＢの肩の荷軽減－労働市場の懸念後退 | 【米国市況】株と利回り上昇、市場は利下げ予想を修正－148円台後半 | ＪＰモルガン、ダイモンＣＥＯはトランプ氏への支持を表明していない
USGG10YR Index,2024-10-21,,4.195613861,0.0276221541784973,0.012073427960946,True,0.0276221541784973,2,short_term,米選挙は債券利回りに大きなリスク、インフレ再加速も－マーフィー氏 | 【丸の内Insight】三菱ＵＦＪ次期トップ選び本格化､来春に新体制 | 一段と緩慢なペースでの米利下げを支持－カンザスシティー連銀総裁
USGG10YR Index,2024-11-01,,4.383645535,0.0231712310366252,0.0108311079625998,True,0.0231712310366252,2,short_term,ハルク・ホーガンが「ＭＡＧＡ」で見る夢、ビール事業で億万長者に | 【米国市況】決算堅調で株に押し目買い－円は対ドル153円付近に下落 | 米金融当局のリバースレポ利用額、21年５月以来の2000億ドル割れ
USGG10YR Index,2024-11-06,,4.431458473,0.0376285179441329,0.0133290814535972,True,0.0376285179441329,0,short_term,米鉄鋼株の人気復活、トランプ氏返り咲きで業界先行きに楽観論 | トランプ氏勝利、衝撃のホワイトハウス返り咲き－ハリス氏敗北認める | ＭＳＣＩ､ＡＣＷＩ指数にフジクラなど22銘柄追加－57銘柄を除外
USGG10YR Index,2024-11-25,,4.273135185,-0.0288762934788099,0.0141324883050346,True,-0.0288762934788099,0,short_term,米ミネアポリス連銀総裁、12月に0.25ポイント利下げ検討は依然妥当 | ＵＳスチール買収計画、共和党議員が議会調査の可能性提起－審査巡り | トランプ氏の起訴、米司法省取り消し－選挙妨害と機密文書の両方
USGG10YR Index,2024-12-18,,4.514008045,0.0262112824978348,0.0101652481456092,True,0.0262112824978348,1,short_term,ニュージーランド、７－９月は予想以上のマイナス成長－高金利が重し | アップル、iPhone端末の定額利用サービス構築の取り組み中止－関係者 | エリオットの後継者育成に脚光、ロンドンからの人材流出で臆測高まる
USGG10YR Index,2024-12-30,,4.5326581,-0.0200328021123982,0.0098920222726259,True,-0.0200328021123982,0,short_term,マスク氏の影響力、世界中で強まるばかり－中国との関係巡り疑念も | 性的暴行の訴訟、トランプ氏の控訴を高裁棄却－証拠採用への異議退け | 【米国市況】円上昇、対ドルで156円台後半－ハイテク軟調で株続落
USGG10YR Index,2025-01-15,,4.65308857,-0.0290713426287227,0.0099983418487952,True,-0.0290713426287227,1,short_term,タイ、専門家や富裕層のビザ規定緩和－国内資産・対内投資要件を重視 | 対ベネズエラ制裁のシェブロン適用外、ルビオ米上院議員が見直し提言 | ビットコインが10万ドルを一時回復、米ＣＰＩ発表後にリスク資産買い
USGG10YR Index,2025-02-05,,4.418113232,-0.0204914955387119,0.0075591071885443,True,-0.0204914955387119,0,short_term,債券上昇、ＩＳＭ非製造業受け米長期金利が低下－30年入札は無難予想 | ボウマンＦＲＢ理事、米国債市場の流動性改善で当局は規制改正可能 | DeepSeekはむしろメリット、日本のテック株に楽観論－ＡＩ普及期待
USGG10YR Index,2025-02-12,,4.620791,0.0188627143823687,0.0090803252063193,True,0.0188627143823687,0,short_term,米レディット株急落、１日当たりユーザー数が市場予想に届かず | 米下院共和党指導部が予算決議案を公表－減税と債務上限引き上げへ | 「配当ファクター」が日本株市場で存在感、関税懸念の逃避マネー吸収
USGG10YR Index,2025-02-25,,4.294490337,-0.0240441132980655,0.0111085748773614,True,-0.0240441132980655,1,short_term,テスラの株式時価総額、１兆ドルの大台割り込む－欧州で販売急減 | モメンタムに裏切られたギャンブラー、レバレッジ型ＥＴＦは40％下落 | バーキン総裁「やや景気抑制的」姿勢維持が適切－物価上昇の逆風警告
USGG10YR Index,2025-03-24,,4.334606171,0.0208179837383346,0.0090601831342117,True,0.0208179837383346,0,short_term,ＥＣＢエスクリバ氏、上振れより下振れリスク意識－警戒呼び掛け | ＬＭＥ銅上昇、トランプ相互関税巡る懸念和らぐ－ＮＹ銅は上げ消す | 米ロ高官、ウクライナ和平巡り12時間協議－25日に声明発表とタス通信
USGG10YR Index,2025-03-28,,4.249394417,-0.0252663702903824,0.0108327955987498,True,-0.0252663702903824,9,long_term,ソーダは駄目、ケネディ米厚生長官が食料費補助対策からの除外を推進 | トランプ氏、関税巡る交渉に「オープン」－医薬品関税は近く発表へ | 【米国市況】景気不安で株大幅安、ドルも下げ150円割れ－国債上昇
USGG10YR Index,2025-04-03,,4.028552532,-0.0247369840364397,0.010134935259958,True,-0.0247369840364397,3,short_term,実質消費支出は３カ月ぶりマイナス、食料や住居が減少－２月 | ドル指数下落、トランプ氏当選後の上昇消す－今年10％下げの予想も | 日本株は大幅続落へ、米国株急落や為替の円高を嫌気－内外需広く売り
USGG10YR Index,2025-04-07,,4.183508396,0.0473675042677823,0.0152969858654176,True,0.0473675042677823,6,long_term,日米首脳が電話会談、関税協議開始へ－日本は優先的対応と米財務長官 | トランプ米政権、輸出業者向け税優遇措置を検討－報復関税への対応で | ＮＹ銅が弱気相場入り、米相互関税の一部発動で景気後退懸念強まる
USGG10YR Index,2025-05-08,,4.378450871,0.0255517983872799,0.0117444169172166,True,0.0255517983872799,4,short_term,トランプ大統領、対中協議「中身のあるものに」－関税引き下げも | 金持ち「東海地方」企業の変身、ＪＲに見るガバナンス改革の目覚め | ＬＭＥ銅上昇、米英の貿易合意でセンチメント改善－アルミも高い
USGG10YR Index,2025-06-04,,4.355172634,-0.022130767772801,0.0105914272324387,True,-0.022130767772801,0,short_term,米上院、ボウマンＦＲＢ理事の副議長就任を承認－銀行監督担当 | 米投資会社、中国ＡＩの現状把握で幹部派遣－対中強硬派は出資警戒 | ＬＭＥ銅が一時２カ月ぶり高値、供給懸念で－その後上げ消す
USGG10YR Index,2025-06-06,,4.50558424,0.0261934750894057,0.0121146326358667,True,0.0261934750894057,2,short_term,習氏がレアアース供給再開に同意、９日に米中通商交渉－トランプ氏 | マスク帝国崩壊の危機、トランプ氏と決裂の代償－ＭＡＧＡ派も反発 | ＦＲＢは当面様子見を、年後半には利下げあり得る－ハーカー総裁
USGG10YR Index,2025-07-03,,4.345741272,0.0161057412559251,0.0077701109568819,True,0.0161057412559251,5,long_term,オリックス、米ヒルコ・トレーディングを子会社化へ－約1124億円で | アルケゴス元社員、3300万ドルの補償金受け取る権利－米連邦地裁 | 物言う株主スターボード、トリップアドバイザー株９％取得－株価急伸
USGG10YR Index,2025-07-29,,4.320355892,-0.0202813471521989,0.0076202086552243,True,-0.0202813471521989,0,short_term,日本の太平洋沿岸に津波注意報、カムチャツカ半島地震で | 超大型旅客機Ａ３８０の人気復活－老朽化で航空各社の負担増が課題 | スターバックス、再建計画は「予定より早く前進」－株価上昇
USGG10YR Index,2025-08-01,,4.2158885,-0.0361475243651294,0.0108657285235925,True,-0.0361475243651294,3,short_term,猛暑で試される人類の限界、気候変動がもたらす命の危機－QuickTake | 京都離れの日本人、金閣寺・清水寺でも集客減少－奈良が人気集める | 【米国市況】円２％超上げて147円台、株は大幅安－雇用統計で大荒れ
USGG10YR Index,2025-08-22,,4.253735542,-0.0170854472683412,0.0071255914340301,True,-0.0170854472683412,2,short_term,米政府、インテルの株式約10％取得で合意－補助金活用し異例の措置 | 見知らぬ人と暮らす、強まるコミュニティー意識－共同生活の難しさも | 米銀株が最高値更新、22年以来－著名アナリスト「３つの追い風」指摘
USGG10YR Index,2025-09-05,,4.074233055,-0.0207865032159512,0.0080056846006156,True,-0.0207865032159512,3,short_term,ＦＲＢ議長最終候補はハセット、ウォーシュ、ウォラー氏－トランプ氏 | 1000万円の「出産ボーナス」、出生率低下に歯止めを－韓国の取り組み | トランプ氏、米国防総省を「戦争省」に改称する大統領令に署名
